/*
SQLyog 企业版 - MySQL GUI v8.14 
MySQL - 5.6.22-log : Database - travel
*********************************************************************
*/

/*!40101 SET NAMES utf8 */;

/*!40101 SET SQL_MODE=''*/;

/*!40014 SET @OLD_UNIQUE_CHECKS=@@UNIQUE_CHECKS, UNIQUE_CHECKS=0 */;
/*!40014 SET @OLD_FOREIGN_KEY_CHECKS=@@FOREIGN_KEY_CHECKS, FOREIGN_KEY_CHECKS=0 */;
/*!40101 SET @OLD_SQL_MODE=@@SQL_MODE, SQL_MODE='NO_AUTO_VALUE_ON_ZERO' */;
/*!40111 SET @OLD_SQL_NOTES=@@SQL_NOTES, SQL_NOTES=0 */;
CREATE DATABASE /*!32312 IF NOT EXISTS*/`travel` /*!40100 DEFAULT CHARACTER SET utf8 */;

USE `travel`;

/*Table structure for table `bookhotel` */

DROP TABLE IF EXISTS `bookhotel`;

CREATE TABLE `bookhotel` (
  `id` int(11) NOT NULL AUTO_INCREMENT,
  `num` varchar(100) NOT NULL,
  `userId` int(11) NOT NULL,
  `hotelId` int(11) NOT NULL,
  `liveTime` date NOT NULL,
  `leaveTime` date NOT NULL,
  `peopleCount` int(11) NOT NULL,
  `price` double NOT NULL,
  `status` int(11) NOT NULL DEFAULT '0',
  `payType` int(11) NOT NULL DEFAULT '0',
  `createTime` datetime NOT NULL,
  PRIMARY KEY (`id`),
  UNIQUE KEY `num` (`num`),
  KEY `userId` (`userId`),
  KEY `hotelId` (`hotelId`),
  CONSTRAINT `bookhotel_ibfk_1` FOREIGN KEY (`userId`) REFERENCES `user` (`id`),
  CONSTRAINT `bookhotel_ibfk_2` FOREIGN KEY (`hotelId`) REFERENCES `hotel` (`id`)
) ENGINE=InnoDB AUTO_INCREMENT=31 DEFAULT CHARSET=utf8;

/*Data for the table `bookhotel` */

insert  into `bookhotel`(`id`,`num`,`userId`,`hotelId`,`liveTime`,`leaveTime`,`peopleCount`,`price`,`status`,`payType`,`createTime`) values (6,'d3faac9a5bce4b7eab321693a99791f4',1,2,'2020-03-27','2020-03-28',1,137,0,0,'2020-03-26 17:21:50'),(7,'48666303c3574d888288f64f63f23aa8',1,27,'2020-04-02','2020-04-05',2,1500,0,0,'2020-03-26 17:22:36'),(8,'81e578232e304b1c9139241f13960237',5,12,'2020-03-27','2020-03-30',3,438,0,0,'2020-03-26 17:23:26'),(9,'af326131b0d6486583e27f7775a9920a',6,20,'2020-04-03','2020-04-05',2,204,0,0,'2020-03-26 18:53:05'),(10,'0b18ddfc5835403ab85be68dda3aece6',7,22,'2020-04-03','2020-04-17',3,1834,0,0,'2020-03-26 18:54:02'),(11,'0a4b382513fe4c64bfcec61c0dec2ec7',9,8,'2020-04-02','2020-04-05',2,2994,0,0,'2020-03-26 18:54:51'),(12,'d9dc252ed81046d9b55376d16d8ee355',11,11,'2020-03-27','2020-03-29',3,760,0,0,'2020-03-26 18:55:35'),(13,'c8dfc10e4c7849eda0b3dc60c64dfb04',12,21,'2020-04-02','2020-04-03',1,432,0,0,'2020-03-26 18:56:09'),(14,'bfa97bf114814033a1a64ff50bb5c811',14,28,'2020-04-03','2020-04-05',4,226,0,0,'2020-03-26 18:56:49'),(15,'81a2b8d62b1e4231abd840fc8f16bb4d',16,3,'2020-04-03','2020-04-05',4,270,0,0,'2020-03-26 18:57:28'),(16,'00f4a3db41194ad280f7dbd804b5f353',17,11,'2020-04-16','2020-04-18',2,760,0,0,'2020-03-26 19:02:54'),(17,'53a48f7043784c52bdea5fe6f5837243',18,7,'2020-04-03','2020-04-05',2,1920,0,0,'2020-03-26 19:03:29'),(18,'f9df4df14d1049b28ee8aeb8de3f20b9',19,12,'2020-04-02','2020-04-06',3,584,0,0,'2020-03-26 19:04:05'),(19,'7dba05eac61f4331ab9a7c191f0b3a5f',21,16,'2020-03-28','2020-03-29',4,328,0,0,'2020-03-26 19:04:53'),(20,'80bf7f14fd614389a4f138b1e1a78f3e',30,28,'2020-03-31','2020-04-03',2,339,0,0,'2020-03-26 19:05:31'),(21,'4b62ce861cf74dd2b3a4f3ff49a46bbd',20,23,'2020-04-03','2020-04-05',1,466,0,0,'2020-03-26 19:06:17'),(22,'c66aa182e07e4a0a94d98a95e61de32b',1,26,'2020-04-01','2020-04-05',1,916,0,0,'2020-03-27 14:52:20'),(23,'b9f0aad1fea84ea3ab3c95297b27c29f',20,16,'2020-03-28','2020-03-29',1,328,0,0,'2020-03-27 23:07:29'),(24,'684235c7a66a428f8d628074e04005d6',29,22,'2020-03-29','2020-03-30',1,131,0,0,'2020-03-28 10:09:48'),(25,'328d351e02de4a67ac973d50a8448410',23,4,'2020-03-29','2020-03-30',1,167,0,0,'2020-03-28 13:10:34'),(26,'a5e7b2d5bf1c48179201d36ae9f28c7f',1,31,'2020-04-04','2020-04-07',1,504,0,0,'2020-03-29 17:20:28'),(27,'dbdd79f9c23f48d5be182288d5f51e9e',35,31,'2020-03-31','2020-04-01',1,168,0,0,'2020-03-31 22:24:00'),(28,'80b2950c237a43628c56a2ee04c213cf',1,31,'2020-04-15','2020-04-16',2,168,0,0,'2020-04-14 19:42:50'),(29,'396695faad424e33898f9695bae8f4a0',20,14,'2020-04-15','2020-04-16',1,770,0,0,'2020-04-14 20:02:23'),(30,'5a52c6ca99914da49678fc1ba78f1dd9',21,11,'2020-04-16','2020-04-17',2,380,0,0,'2020-04-15 09:29:46');

/*Table structure for table `carousel` */

DROP TABLE IF EXISTS `carousel`;

CREATE TABLE `carousel` (
  `id` int(11) NOT NULL AUTO_INCREMENT,
  `chinese` varchar(20) NOT NULL,
  `english` varchar(40) NOT NULL,
  `createTime` date NOT NULL,
  `carDesc` varchar(100) NOT NULL,
  `url` varchar(100) NOT NULL,
  PRIMARY KEY (`id`)
) ENGINE=InnoDB AUTO_INCREMENT=18 DEFAULT CHARSET=utf8;

/*Data for the table `carousel` */

insert  into `carousel`(`id`,`chinese`,`english`,`createTime`,`carDesc`,`url`) values (1,'中国','China','2020-03-12','『年度好吃排行榜』我醉在这里，不止为酒','../../images/carousel/2621aa99d8734ed8bb0ec41d8f9a70d71584861045731.png'),(2,'日本','Japan','2020-03-13','日本·东北丨雪国物语','../../images/carousel/bd81867d88b441cfa9e94c7a0b98f14e1584861036440.png'),(3,'摩洛哥','Morocco','2020-03-14','『和你一起走遍全世界 第三站』“魔”、“漠”、“磨”、还是“摩”洛哥？','../../images/carousel/6a457db91e6c4e7492c527af3a3d56bc1584860969951.png'),(4,'济州岛','Jizhou Island','2020-03-15','济州日记 / 三级海风偶有雨','../../images/carousel/23fcdb886113405eb6102e74fbacb5651584860960604.jpeg'),(5,'梅里雪山','Meri Snow Mountain','2020-03-16','梅里雪山69天义工旅居 这是属于我的梅里往事','../../images/carousel/b2f7756afa4340ba963b8e7f666acef31584860850344.jpeg'),(6,'贝尔加湖','Baikal lake','2020-03-17','贝加尔湖畔❄️ 邂逅蓝冰 | 那些很冒险的梦，我们一起去疯','../../images/carousel/c4306373a2e3424db5e9088e465af0261584860835673.jpeg'),(7,'杭州','Hangzhou','2020-03-18','如果流浪是你的天赋','../../images/carousel/005dce3ed53347b0af9821f302a4397f1584860771919.png'),(8,'厦门','Xiamen','2020-03-19','厦门｜关于我和她的11次相遇','../../images/carousel/3055108d5bea4f4795031ee91dfa71a81584860754373.png'),(9,'西安','Xian','2020-03-20','古今明月曾照我，相逢有缘与长安','../../images/carousel/b558b04f06e94e0290ea469a7b91fc121584860739442.jpeg'),(10,'云南','Yunnan','2020-03-21','写在三月，一份丽江开往稻城的自驾摄影攻略。','../../images/carousel/1f061d47fc9741b2a40a0a00b581887c1584860727173.png'),(15,'川西','Chuang Xi','2020-03-27','吹着小风喝口快乐水｜一脚油门进深秋 —— 川西自驾行摄 ♥','../../images/carousel/69aebbc8d5334742b51793a9d052c05a1585292062751.jpeg'),(17,'印尼','Indonesia','2020-04-16','28天横跨印尼，坐着摩托去火山，乘着小船去看“龙”！','../../images/carousel/c71ff7f008ff440689d00c73ce09b04d1587037814111.png');

/*Table structure for table `cates` */

DROP TABLE IF EXISTS `cates`;

CREATE TABLE `cates` (
  `id` int(11) NOT NULL AUTO_INCREMENT,
  `name` varchar(50) NOT NULL,
  `url` varchar(100) DEFAULT NULL,
  `location` varchar(50) NOT NULL,
  `catesDesc` varchar(200) NOT NULL,
  `destId` int(11) NOT NULL,
  PRIMARY KEY (`id`),
  UNIQUE KEY `name` (`name`),
  UNIQUE KEY `name_2` (`name`),
  KEY `destId` (`destId`),
  CONSTRAINT `cates_ibfk_1` FOREIGN KEY (`destId`) REFERENCES `destination` (`id`)
) ENGINE=InnoDB AUTO_INCREMENT=29 DEFAULT CHARSET=utf8;

/*Data for the table `cates` */

insert  into `cates`(`id`,`name`,`url`,`location`,`catesDesc`,`destId`) values (1,'十年老字号腊排骨','../../images/cate/92534ebe09cd48adb0c36a79b019585d1584578552222.jpg','光义街忠义巷38号（避免走错商家，请留意我们的门牌号是38号）(木府西南100米)','饵块,鸡豆凉粉,芝士米肠,包浆豆腐,水性杨花,姬松茸菌,腊排骨,青梅酒,肥牛,玉米',1),(2,'小锅饭','../../images/cate/a91fc73e6cf143c59d024cd074ee92521584578588491.jpg','飞花路E12-2B号(农村信用社取款机旁边)','东巴烤鱼,鸡豆凉粉,小白菜豆腐汤,丽江粑粑,饭遭殃,水性杨花,纳西烤肉,松茸放生鸡火锅,茉莉花炒蛋,山药炒木耳,干锅牦牛肉,酸菜炒土豆片,纳西小炒肉,纳西烤鱼,丽江腊排骨火锅,炝炒豌豆尖,松茸汽锅鸡。',1),(3,'小厨子私房菜','../../images/cate/ac0915aeadf448debe6fee636c4799571584578633939.jpg','五一街兴仁上段6号(88号小吃店斜对面)','东巴烤鱼,鸡豆凉粉,汽锅鸡,竹筒饭,丽江粑粑,特色韭菜花,水性杨花,东巴烤肉,纳西烤肉,野生天麻气锅鸡,五椒鱼,杜鹃炒鸡蛋,普洱小河虾,不错,味道可口,小米酿豆腐,杜鹃花皮蛋汤,过江鱼茄,川味回锅肉。',1),(4,'和叔食府','../../images/cate/f729e552fe354f13a976d17da0340e6a1584578664496.jpg','丽江古城五一街振兴巷9号江措三文鱼斜对面','夫妻肺片,汽锅鸡,正宗藏香猪,水性杨花,土鸡腊排火锅,大虾鸡翅,老火牦牛煲,红汤牦牛尾,酸萝卜汤锅鱼,红尘醉,香菇炒肉,瓦片鱼,纳西烤鱼,番茄老奶洋芋,老妈排骨,正宗土鸡火锅,傣味鬼鸡,清蒸雪山鱼,尖',1),(5,'石锅渔·山珍馆','../../images/cate/36abfb58181c45e09dda0eef290af80b1584578683757.jpg','长水路72号四方庙会内(近忠义市场近木府)','松茸,水性杨花,丽江三文鱼,石锅鱼,鸡枞,土鸡米线,野生菌套餐,铜锅洋芋焖饭,野菌鸡汤,牛肝菌,纳西烤鱼,菌香饭,金鳟,醋排骨,雪山鱼,海花菜,虹鳟,三文鱼三吃',1),(6,'石屏会馆','../../images/cate/a73d37b554e849f4969f138dce713f171584578742521.jpg','翠湖南路中和巷24号(武成小学旁)','饵块,凉拌木耳,烤鱼,汽锅鸡,乳饼,鲍汁松茸菌捞饭,小山椒炒鸡肉,香辣牛肝菌捞饭,野芥菜,猪皮,凉拌米线,清蒸桂鱼,酸辣猪手,青椒牛肝菌,牛肝菌,凉拌茼蒿,丽江腊排骨,石屏烤豆腐,浓汤杂菌,水煮八宝饭',2),(7,'万必司梦想餐厅','../../images/cate/9a61bfe6b341492685f49f437c7338b51584578759578.jpg','广福路488号爱琴海购物公园5层5009','黑椒牛柳意面,烤肉披萨,猫山王榴莲披萨,经典凯撒沙拉,奶油蘑菇意面,北京烤鸭披萨,龙虾意面,野菌汤,香煎三文鱼意面,臻品牛排,小吃拼盘',2),(8,'泰爽泰式海鲜火锅(北辰店)','../../images/cate/b21d90ba55b54d09a83fad571f6600241584578781366.jpg','北辰财富中心D座105','芒果糯米饭,牛肉薄荷,泰式传统冬阴功火锅,饭前开胃拼盘,泰式辣牛肉,泰式冬阴功焖锅,脆皮香蕉,肥牛,五花肉,牛板筋,炸小鱼,牛仔骨,热带风情水果披萨,柠檬蒸鱼,木瓜色拉,冬阴功炒饭,面包咖喱虾,豪华海',2),(9,'猫抓烤肉(七彩metown店)','../../images/cate/727bb5e8fd894b16985f595dcb9c68eb1584578795707.jpg','白塔路399号七彩metown购物中心4层','泡椒肥牛,玫瑰牛舌,猫抓布丁,雪花,五花肉石锅拌饭,包菜丝,蒜香五花肉,猫抓大鱿鱼,辣味五花,猫抓洋葱牛小粒,喵星烧肉片',2),(10,'昆明洲际酒店长街西餐自助(西餐自助店)','../../images/cate/c54bae563ee34397b31fdf70961a100a1584578812784.jpg','怡景路5号昆明洲际酒店一楼','榴莲蛋糕,自助早餐,老虎蟹,印度薄饼,曲奇冰淇淋,湖蟹,烤澳洲牛眼肉,果仁巧克力塔,咖喱烩鹰嘴豆,法式烩羊排',2),(11,'口福人家●百年石头木屋●私房菜','../../images/cate/fb0460e6008b4d339ed8235913b039c01584578879149.jpg','大理古城人民路401号(熙熙家对面巷子内10米)','凉粉,辣子鸡,稀豆粉,云龙天池五香板鸭,傣味柠檬鸡丝,青梅泡,豆米粑粑,酒酿乳扇,口福霸王鸭,菜心,香酥大理豌豆粉,口福自制木瓜水,椒香洱海小黄鱼,双椒炒牦牛肉,土豆球,自制酸奶,可乐鸡,铜锅饭,清炒',3),(12,'大理段公子·大理古国文化体验店','../../images/cate/8660faf63e484947bffe98cab9db37cf1584578908436.jpg','人民路上段与博爱路交叉口处(洋人街复兴路150米，靠近南门苍山门，博爱门)','泡鲁达,苍山野生菌,蒜蓉粉丝蒸秋葵,蝴蝶泉边,段氏一品菌香肥牛,大理风花雪月鱼,芭蕉叶包烧小山猪,老大理泥鳅钻豆腐,干锅苍山野生菌,苍山树花拌肚丝,版纳天然菠萝饭,昭通天麻海鲫乳鸽煲,风花雪月鱼,洱源',3),(13,'大理段公子·天龙八部特色体验店','../../images/cate/cdaaa02fe810455993df32be5e58e6801584578923139.jpg','人民路与叶榆路交叉口东行150米（近古城洱海门）','竹筒饭,竹筒牛肉,包烧野生菌,火腿竹筒饭,桃花酿玫瑰酿青梅泡,草帽山鸡汤,草帽土鸡,瓦片烤松茸,野山椒牦牛肉,段氏潜龙越水鱼,段式糯米排骨',3),(14,'尽善百年古院餐厅古城形象店','../../images/cate/dc513275563349eb95afca50e6b7d9ef1584578940829.jpg','古城人民路中段99号','香草柠檬鸡,苍山野生菌,野生黄花稀饭,牛奶乳扇羹,红烧鱼,酸豆角炒肉,香菇豆腐汤,干煸香菇,砂锅弓鱼,尽善白族黄焖鸡,韭菜洱海虾,小炒肉,尽善雕梅牛肉',3),(15,'我在大理等你•方舟胖子厨房(人民路店)','../../images/cate/fe0a9bf6d50e4eed85bf67aa461407851584578954575.jpg','人民路下段498号(东玉街与人民路交叉口西南角)','菌香炒饭,松露炒鸡蛋,黄罗伞,虎掌菌爆鱿鱼丝,松露拼松茸,火腿爆鸡枞,鲍鱼见手青,核桃牛肝菌,菌香牛柳,百合爆松茸,鲜美全菌汤,鲍鱼野生菌,红烧肉烧鸡枞菌,虾球牛肝菌,野生菌炒米线,干椒火腿牛肝菌,竹',3),(16,'融创希尔顿逸林度假酒店景逸轩','../../images/cate/f962c00053cb413f935a1c5971e3f0551584578971559.jpg','融创国际旅游度假区迎宾路66号','烤乳猪,生鱼片,米线,三文鱼,炒海鲜,蟹腿,老虎蟹,辣炒小龙虾,烤生蚝,米线',4),(17,'云投喜来登大酒店采悦轩中餐厅','../../images/cate/22141bf338884b61ba77f856e97153af1584578999432.jpg','嘎洒镇西双版纳云投喜来登大酒店内)','菠萝炒饭,本地特色杂菌汤,秘制傣味盐煎肉,美点双辉拼,激情巧力慕斯,牛肉松生菜炒饭,招牌岭南第一鸡,牛肉饺,多宝鱼,烧味拼盘,香辣顺风耳,广式深井烧鹅,四宝海皇羹,鲈鱼',4),(18,'必胜客(勐海路店)','../../images/cate/0e46c6f547a14fb5a5b19e27b3e9923e1584579011599.jpg','傣族自治州勐海路4号滨港国际一楼(近泼水广场)','火爆辣鸡香蒜披萨,石榴美媚,夏威夷风光比萨,鸡茸蘑菇汤,浓情烤翅,芝心比萨,爱之丘提拉米苏,双球冰淇淋,嫩牛香酥卷,卡布基诺,北京潮鸭比萨,匈牙利风情牛肉焗饭,柠檬红茶,清雅卡曼橘茶,暖心邂逅节日浓汤',4),(19,'悦椿温泉度假酒店·西餐厅','../../images/cate/087e9c7d58a540f4abe13a4524a9baf21584579023921.jpg','勐巴拉国际度假区','这家西双版纳悦椿温泉度假酒店里边的西餐厅不错，环境都非常好很优雅，里面边有风景水池，窗边还可以看到高尔夫球场的风景，自助餐也...',4),(20,'植物院宾馆餐厅','../../images/cate/30f5a0195f8545349b1fdba62c345c5a1584579049514.jpg','中科院热带植物院宾馆内','苦果炒猪肉,酸笋煮小江鱼,菜包鱼,农家炖菜,牛肉炒粉,臭菜鸡蛋,芭蕉花煮红烧肉,小炒肉,酸汤煮鱼',4),(21,'阿姨家厨(香格里拉大酒店)','../../images/cate/c8b7ef566c7e474ba8a6f4ded1aa97eb1584579064252.jpg','池慈卡街1号香格里拉大酒店一楼','海鲜粥,鲜虾,巧克力慕斯,尖椒小炒肉,花园沙拉,云腿炒小瓜,香菜箩卜丝,三文鱼,烤羊排,扇贝,藏红花牦牛掌,富贵牦牛舌',5),(22,'银同便民小吃','../../images/cate/a0a111e5695344abbae06faaed2acdf21584579079079.jpg','独克宗古城四方街旁依若木廊32号','青稞酒,青稞饼,牦牛肉砂锅饵丝,土鸡火锅中锅,牦牛肉火锅,土鸡米线,奶渣圆子,牦牛米线,新鲜的蔬菜,咸酥油茶',5),(23,'丽香缘腊排骨饭店','../../images/cate/26bb300a77444cf981dd8c7fd1bfcf301584579100177.jpg','池慈卡街64号(州旅游集团对面)','野生菌火锅,野生胡萝卜,粉条,山猪肉,藏式火锅,菌菇,时鲜蔬菜,水汽粑粑,藏式肉锅腊排骨牦牛肉山鸡山猪,藏式特色汤锅',5),(24,'妈妈的味道','../../images/cate/8e24c363b10747798d5b6b7de7fa51f01584579111625.jpg','和顺镇十字路村14社42号','大救驾,辣子鸡,乌骨鸡煲,缅甸拌菜,松茸土鸡,铜瓢牛肉,锅贴饺子,雕梅酒,松茸炒肉,酸梅湯,排骨藕汤,柠檬鱼。',6),(25,'翠竹园野生菌火锅店','../../images/cate/2e806a5689644700adc08067fc9146581584579130699.jpg','腾越镇火山路209号(广义停车场对面)','松茸,梅林午餐肉,鸡枞,菌汤火锅,干巴菌炒饭,牛肝菌,松露,野山菌鸡汤,菌皇后之野生竹荪,香连头菌',6),(26,'龙姐私房菜','../../images/cate/be8d8574e0824b34a4ecea23d77108851584579146942.jpg','和顺李家巷29号三成号老宅(大花猫客栈旁)','黄焖鸡,土锅子,干煸土豆,腾冲大救驾,松茸鸡汤,稻花鱼,芹菜小米辣炒牛肉,油菌鸡枞,水蕨菜,糖醋排骨',6),(27,'和顺食为天川菜馆','../../images/cate/5110393ab4094329922862b97018b3911584579156984.jpg','和顺古镇水碓村上三社59号','水煮牛肉,醋溜白菜,泡椒牛肉,小煎鸡,泡椒鱼,火爆肥肠,水煮乌鱼,干煸扁豆,凉拌腐竹,回锅肉',6),(28,'北海聚友阁','../../images/cate/7163b2ffd27148798fc778618ffa16f31584579167575.jpg','湿地景区大门前行800米〈海口入口右边第一家〉','麻婆豆腐,炒野菜,虎皮尖椒,清蒸黑鱼,青椒洋芋丝,凉拌水芹,铜锅火腿饭,炸湿地虾,啤酒茶花鸡,北海风味烤鱼,金鳟鱼生片,红烧茄子',6);

/*Table structure for table `destination` */

DROP TABLE IF EXISTS `destination`;

CREATE TABLE `destination` (
  `id` int(11) NOT NULL AUTO_INCREMENT,
  `name` varchar(50) NOT NULL,
  `href` varchar(100) NOT NULL,
  `url` varchar(100) DEFAULT NULL,
  `destiDesc` varchar(200) NOT NULL,
  `status` int(11) NOT NULL,
  PRIMARY KEY (`id`),
  UNIQUE KEY `name` (`name`)
) ENGINE=InnoDB AUTO_INCREMENT=77 DEFAULT CHARSET=utf8;

/*Data for the table `destination` */

insert  into `destination`(`id`,`name`,`href`,`url`,`destiDesc`,`status`) values (1,'丽江','/travel/destination/lijiang','../../images/destination/15062578745541dbbf6fcf8c662b56761584591865946.jpg','丽江古城区是中国罕见的保存相当完好的少数民族古城，集中了纳西文化的精华，完整地保留了宋、元以来形成的历史风貌。 丽江自古以来是丝绸之路和茶马古道的中转站，丽江有建于南宋的丽江古城.',1),(2,'昆明','/travel/destination/kunming','../../images/destination/e64b436fe7e04d5eae0d01fae67f07ab1584591898169.jpg','昆明开放而时尚，浓缩了云南的区位优势，从两千多年前的“南方丝绸之路”到开放的昆明一直是东亚大陆与中南半岛、南亚次大陆各国进行经济贸易往来及政治联系的陆路枢纽。“中国昆明进出口商品交易会”.',1),(3,'大理','/travel/destination/dali','../../images/destination/f3a59a4478dd4849841022cc382154101584591910442.jpg','大理白族自治州地处云南省中部偏西，海拔2090米，东邻楚雄州，南靠普洱市、临沧市，西与保山市、怒江州相连，北接丽江市。地处低纬高原，四季温差不大，干湿季分明，以低纬高原季风气候为主。',1),(4,'西双版纳','/travel/destination/xishuangbanna','../../images/destination/42bd0ac6679b467cb7234090aaaa338a1584591926939.jpg','西双版纳傣族自治州，为云南省下辖自治州，位于云南省南端。西双版纳，古代傣语为“勐巴拉那西”，意为“理想而神奇的乐土”，这里以美丽的热带雨林自然景观和少数民族风情而闻名于世',1),(5,'香格里拉','/travel/destination/xianggelila','../../images/destination/60b5d81086364e2ea2cb840a915b2d231584591945904.jpg','香格里拉市历史文化悠久，自然风光绚丽，拥有普达措国家公园、独克宗古城、噶丹松赞林寺、虎跳峡等景点。',1),(6,'腾冲','/travel/destination/tengchong','../../images/destination/efd2044793fe46b5a464679709ed414f1584591958834.jpg','腾冲市是著名的侨乡、文献之邦和翡翠集散地，也是省级历史文化名城。腾冲在西汉时称滇越，大理国中期设腾冲府。由于地理位置重要，历代都派重兵驻守，明代还建造了石头城，称之为',1),(10,'张家界','/travel/destination/zhangjiajie','../../images/destination/af85dd55a57348a0b0e447e3e22caab21584767106080.jpeg','俗话说“九寨沟看水，张家界看山”。武陵源核心景区中三千座石峰拨地而起，八百条溪流蜿蜒曲折，来张家界旅游观光的人，无不被武陵源奇特的砂岩峰林地貌和壮丽的喀斯特景观所倾倒，仿佛置身于神山仙境之中，故而张家界有“中国山水画的原本”、“缩小的仙境，放大的盆景”的美誉。2010年首部3D电影《阿凡达》，更是让其中的电影取景地——张家界的美景享誉世界。',0),(11,'长沙','/travel/destination/changsha','../../images/destination/ba4563eb141e48eba8044bb72e76e2ac1584767308387.png','长沙是湖南省省会，山清水秀、气候宜人，有风景独秀“霜叶红于二月花”的岳麓山，有水洲相拥“春来江水绿如蓝”的湘江；有在海内外享有盛名的“世界第八大奇迹”马王堆汉墓、“千年学府”岳麓书院及“三国东吴”简牍。古有云：“惟楚有才，于斯为盛”，在中国近现代史上，长沙更涌现了一批著名的政治家、军事家和文学家。这座有着2000余年悠久文化历史的古城，早在春秋时期，就是楚国雄踞南方的战略要地之一。',0),(12,'凤凰古城','/travel/destination/fenghuanggucheng','../../images/destination/41f89a2040944f5a99266e04a46138071584767434072.jpeg','气势磅礴的古城墙、整齐划一的吊脚楼、青灰光滑的石板路、沱江边的苗家少女……这些是凤凰古城给人的第一印象。凤凰位于湖南湘西，是一座以苗族、土家族为主的少数民族聚集县，这里历史悠久，曾经被称作“蛮夷之地”，然而一部《边城》将这座古城推向了全世界。',0),(13,'郴州','/travel/destination/chenzhou','../../images/destination/7e993e7b3c9f4220b93602660df9f26b1584767613661.png','郴州位于湖南省东南部，是拥有两座中国优秀旅游城市的地级市和中国温泉之乡，是走向世界的“南大门”。这里的自然景观甚多，如：中国原始生态第一山——莽山、让世界呼吸的东江湖、苏仙岭等，这都是国家级风景名胜区。您还可以来永兴板梁古村、桂阳阳山古村。您更不能错过的是这里的温泉，郴州地热资源丰富，温泉的矿物质多，对人体十分有益。',0),(14,'湘西','/travel/destination/xiangxi','../../images/destination/526e78140ea145fabea5f6c349d253391584767722123.png','湘西给人的印象，就如同沈从文笔下的翠翠，轻柔曼妙，舒逸盎然。其实最佳方式是走水路，沿着沈老当年顺沅水回凤凰的路线，直至游入湘西最深处。凤凰位于湖南省湘西土家族自治州，有着“中国最美的小城”之誉和“画乡”的美称。这里曾是政客、军阀、土司、苗人、土匪聚集的地方，算得上是标准的蛮夷之地。土家住房多依山建筑，一般是长方形，三间，中为堂屋。房屋建筑材料，有的以木架屋，房顶盖瓦；有的编竹为墙，茅草为顶。',0),(15,'衡阳','/travel/destination/hengyang','../../images/destination/4a2199a2c2e349738c39e98234ea0f6f1584767868540.jpeg','衡阳市，因地处南岳衡山之南而得此名。因“北雁南飞，至此歇翅停回”，栖息于市区回雁峰，故雅称“雁城”。衡阳为国际旅游名城，历史悠久，古迹颇多，自然景观优美，南岳衡山、蔡伦竹海、江口鸟洲等，人文景观更是值得一游，藏经殿、石鼓书院、衡阳抗战纪念城等。游玩之际，还可以品尝湖南特色的以辣为主小吃美食。',0),(16,'三亚','/travel/destination/sanya','../../images/destination/d3336a0bfe204b57a546fa2865e42cc21584770766003.jpeg','三亚位于中国海南岛的最南端。狭长的城市坐落在绵延数百公里的海岸线上。绝美的海滨风光令三亚成为了中国最著名的海滨度假胜地，享有“东方夏威夷”的美誉。',0),(17,'海口','/travel/destination/haikou','../../images/destination/b1a5a037d6274959b8e3aec3578a2cfa1585488060570.jpeg','海口是海南省的省会，曾经入选中国特色魅力城市。虽然他没有三亚出名，但也因此没有三亚那般喧闹，海岛的浪漫情怀却不减分毫。海口绵长的海滩边是一望无际的琼州海峡，常有帆船出没。古老的火山群布满珊瑚般的熔岩流，将古老的时光凝固在这里，寂静而又舒适。',0),(18,'蜈支洲岛','/travel/destination/wuzhizhoudao','../../images/destination/fc42225e709946d5a7b900322b6bb7941585488134434.jpeg','蜈支洲岛​位于三亚海棠湾内，是海南岛周围为数不多的有淡水资源和丰富植被的小岛，海水能见度极高，有人曾把蜈支洲岛称作中国的马尔代夫。蜈支洲岛地貌美丽而有层次。',0),(19,'亚龙湾','/travel/destination/yalongwan','../../images/destination/24bac1db64af4916b9b5fa7feef54e681585488235928.png','亚龙湾国家旅游度假区是中国海南省三亚市东郊的一处优质热带海滨风景区，距离市中 心区约10千米，这是一个月牙形海湾，拥有7千米长的银白色海滩(沙滩)，沙质相当细腻。',0),(20,'万宁','/travel/destination/wangning','../../images/destination/09742d25cbdd4dce8198a5bdb02d4bd01585488313531.png','万宁市位于海南岛东南部沿海，东濒南海，西与琼中县交界，东南与陵水县毗邻，北与琼海市接壤，是中国海南省下辖的一个县级市。万宁市被国家林业总局授予全国“槟榔之乡”称号，是海南岛槟榔的主要产区，素有“万宁槟榔半海南”之称。',0),(21,'文昌','/travel/destination/wenchang','../../images/destination/74d8be20ece9437bbab1c8a3003f8d131585488371880.png','文昌，为海南三大历史古邑之一，海南闽南文化发源地，国第四座航天之城，有中国椰子之乡、华侨之乡、国母之乡、航天之乡、将军之乡、书法之乡以及长寿之乡等“九乡”之美誉，自然风景优美，文化底蕴深厚，有椰子大观园、云龙湾、高龙湾、铜鼓岭等著名景点，被誉为“阳光东海岸上的明珠”。',0),(22,'广州','/travel/destination/guangzhou','../../images/destination/0b72a707f61c4d00a0add35002a98a191585488476940.jpeg','广州位于中国南部，珠江三角洲的北缘，是中国最发达的城市之一。这里是粤食之乡、购物天堂，文化交汇之地，也是一座历史与现代感并存的“南国之城”。作为中国最早开埠的通商口岸，广州一直保持着较好的通商氛围，这也令城市的发展愈加迅速。',0),(23,'深圳','/travel/destination/shenzheng','../../images/destination/3daa6639f7b14d30b194b5d3a055f1d71585488559767.jpeg','深圳又称“鹏城”，1979年，中国第一个经济特区在深圳设立。曾经的边陲小镇以举世瞩目的城市建设与经济发展而声名在外，深圳不仅娱乐活动丰富、吃喝住行便捷，也是游客的购物胜地。',0),(24,'珠海','/travel/destination/zhuhai','../../images/destination/aa3b82b68e244bd396c4c71eca15f6d51585488634151.jpeg','珠海南部与澳门相连接，东部与香港隔海相望，距离澳门市区仅10公里车程，坐船去香港也仅需1小时。未来港珠澳大桥通车后，三座城市间的往来会更加方便。',0),(25,'惠州','/travel/destination/huizhou','../../images/destination/493cff8a190542258aa848072e7b23b91585488689551.jpeg','惠州旧称惠阳地区（简称惠阳），在古代即有“岭南名郡”、“粤东门户”、“半城山色半城湖”之称。拥有TCL、德赛、华阳等大型本土国有（控股）企业集团以及侨兴、富绅等本土民营企业集团，数码、石化是惠州的两大经济支柱。',0),(26,'佛山','/travel/destination/fushan','../../images/destination/500b1ae181c647798cca59e416eb35dc1585488796629.jpeg','佛山简称“禅”，位于广东省中部，是粤剧和岭南文化的发源地之一，素有粤剧之乡、南国陶都、武术之城的美誉，佛山现辖禅城区、顺德区、南海区、三水区、高明区五个区。',0),(27,'东莞','/travel/destination/dongguan','../../images/destination/936c086d36f745609d8e9ab501925aca1585488867376.jpeg','这里是英雄的家乡：抗日战争时，蒋光鼐戎马北伐——销烟池、威远炮台、东江纵队纪念馆带人穿越历史时空。这里充满现代活力——中心广场、圣心糕点博物馆、下坝坊，是萦绕着城市的小资情调。',0),(28,'武汉','/travel/destination/wuhan','../../images/destination/fb32a886d9d54f558b3a8f4cc40bcd941585489053917.jpeg','武汉是湖北省省会，也是华中地区最大都市及中心城市。李白诗句“黄鹤楼中吹玉笛，江城五月落梅花”赐给武汉“江城”之名，在此交汇的长江、汉江赋予武汉“江城”之实。作为我国水陆交通枢纽，武汉控长江中游之咽喉，扼南北交通之要冲，素有“九省通衢”之美誉。',0),(29,'恩施','/travel/destination/enshi','../../images/destination/bc6e98d21d1a45779fd25ceaec3b81c71585489120540.jpeg','恩施州以如诗如画的山水风光和光怪陆离的奇洞异穴的风景为主，集中在恩施、利川、咸丰三地，另外巴东、鹤峰还有一些分布。恩施大峡谷、土司城等是当地著名的风景区。',0),(30,'宜昌','/travel/destination/yichang','../../images/destination/d703f7c9bd474de9abff89badc02d6591585489185348.png','宜昌是湖北省第三大城市，是长江三峡大坝所在地，长江的上、中游分界地。宜昌市旅游资源丰富，大坝雄姿、三游古洞、白马仙踪、东山图画、桃花新村、儿童公园、滨江画廊、广场夜景、宜昌天然塔、镇江阁等景观遍布城区，白果树瀑布飞流直下，气势如虹，蔚为壮观',0),(31,'神农架','/travel/destination/shennongjia','../../images/destination/7f0815611dce436dabac004adb10d7c31585489258300.jpeg','神农架林区位于湖北省西北部，是一个山川交错、峰岭连绵的地方，因华夏始祖神农氏尝百草救民之传说而得名。林区中林密谷深，与世隔绝，完好地保存着洪荒时代的风光，动植物资源极其丰富，野人出没的传说更让它蒙上了一层神秘的色彩。',0),(32,'武当山','/travel/destination/wudangshan','../../images/destination/12bb7fdaee4f4371b297ea8c3be13c9b1585489325606.jpeg','武当山是道教圣地，位于湖北省西北部的十堰市丹江口境内，高峰林立，天柱峰海拔1612米。武当山是联合国公布的世界文化遗产地之一，是中国国家重点风景名胜区，同时也是道教名山和武当拳的发源地，被誉为”亘古无双胜境，天下第一仙山”。',0),(33,'三峡','/travel/destination/sanxia','../../images/destination/f12d1d755dd9492eb2ca677c11baca291585489436650.jpeg','长江流经四川盆地东缘时冲开崇山峻岭，夺路奔流形成了壮丽雄奇、举世无双的大峡谷，即长江三峡。三峡西起重庆市奉节县的白帝城，东至湖北省宜昌市的南津关，由瞿塘峡、巫峡、西陵峡组成。',0),(34,'拉萨','/travel/destination/lasa','../../images/destination/a3ffbfcc6ac14309b71151164bb0fc8e1585489587819.png','拉萨，藏传佛教的圣地，又叫日光城，位于西藏高原的中部，是西藏自治区的首府，政治、经济、文化和宗教中心，海拔3658米。',0),(35,'林芝','/travel/destination/linzhi','../../images/destination/b285cd5279fe47428b50ac44deb922d91585489654483.png','被称为“西藏江南”的林芝地区位于西藏东南部、拉萨以东。林芝大部地区气候湿润，景色宜人，少数民族以门巴族和珞巴族为主。',0),(36,'纳木错','/travel/destination/namucuo','../../images/destination/f9aa91bd91f446a7b88966fc2240b9521585489742147.png','纳木错位于拉萨当雄县和那曲班戈县之间，在拉萨的西北方向约200公里处，是世界上海拔最高的咸水湖，海拔4718m，东西长70km，南北宽30km，面积1920km2，是西藏最大的湖泊，朝圣者心目中的圣地。',0),(37,'阿里','','../../images/destination/f620163b202f4fb18c7a0be9f314c9481585489799000.png','阿里地区位于青藏高原北部—羌塘高原核心地带，是世界上人口密度最小的地区之一，拥有独特的高原自然风貌。',0),(38,'日喀则','','../../images/destination/9b71220e6afa49218305c89b9d73bcca1585489850913.jpeg','日喀则地区有诸多富有特色的景点景观。从拉萨沿雅鲁藏布江溯流而上，沿途经过有西藏三大圣湖之一的羊卓雍湖，就进入了日喀则地区，从日喀则继续往南走，将到达美丽的冰川世界及“世界第一高峰”——珠穆朗玛峰，再往西去便到了与尼泊尔的要道樟木口岸。',0),(39,'珠穆朗玛峰','','../../images/destination/a04a8cf4e8114e7f8a55770ca48766611585489915418.png','它是喜马拉雅山脉的主峰，也是世界上最高的山峰。藏语中“珠穆”是女神的意思，“朗玛”是第三的意思，因为在珠穆朗玛峰的附近还有四座山峰，珠峰位居第三，所以称为珠穆朗玛峰。',0),(40,'伊犁','','../../images/destination/023b8d3cffff4dfe81435540099b52011585490017444.jpeg','“不到新疆不知中国之大，不到伊犁不知新疆之美”。伊犁哈萨克自治州位于新疆的西北部，与哈萨克斯坦接壤，州首府为伊宁市，边境线长2000多公里。',0),(41,'乌鲁木齐','','../../images/destination/631d80eb7eed4f8fae5172fe5a4f75411585490084674.jpeg','乌鲁木齐是新疆维吾尔自治区的首府，位于天山北麓，蒙古语“乌鲁木齐”，意为“优美的牧场”。它是这个地球上离海洋最远的城市，也是亚洲的地理中心。',0),(42,'北疆','','../../images/destination/0c9d8e60d3f342fa902fa609c9475fef1585490128323.jpeg','北疆即新疆的北部，包括乌鲁木齐、吐鲁番地区、阿勒泰地区、塔城地区、昌吉地区、伊犁、等地区等。在新疆人眼中，南疆与北疆是截然不同的。',0),(43,'喀纳斯','','../../images/destination/dbb322d721a247f4b410cab9f5cdbcba1585490199049.jpeg','喀纳斯景区位于新疆阿尔泰山中段，地处中国与哈萨克斯坦、俄罗斯、蒙古国接壤的黄金地带。\n喀纳斯在蒙古语里意为\"美丽富饶、神秘莫测\"，而用\"喀纳斯\"命名这片土地再恰当不过。',0),(44,'喀什','','../../images/destination/08ad95db764a4215a4176302058539d21585490273147.jpeg','喀什（喀什噶尔的简称，意为玉石般的地方）是中国最西端的一座城市，东望塔里木盆地，西倚帕米尔高原。早在2100余年前，这里是丝绸之路中国段内南、北两道在西端的总汇点，是中国对西方经济文化交流的交通枢纽与门户之地。',0),(45,'阿勒泰','','../../images/destination/de4c45a5e89b43d58482c3da8a69fbed1585490340175.png','阿勒泰市是新疆维吾尔自治区伊犁哈萨克自治州阿勒泰地区下辖的县级市。面积1.14万平方公里。人口18.76 万人，有汉族、哈萨克族、维吾尔族、回族、蒙古族等26个民族。1989年经国务院批准为对外开放城市。',0),(46,'桂林','','../../images/destination/603862820eea483b921d0336c9f6e53c1585490544312.jpeg','桂林位于广西壮族自治区，在“湘西走廊”的南端，自古享有“山水甲天下”之美誉，以山水、人情、风俗和悠闲舒适的生活而闻名。',0),(47,'阳朔','','../../images/destination/f82ca95a83fe477f8e6c0fc26b7ec88a1585490635838.jpeg','甲天下的桂林山水中，阳朔是不能缺少的重要篇章。距离桂林65公里。',0),(48,'北海','','../../images/destination/c4081c9c8f7d4ef3815516259cf684351585490698077.jpeg','北海市地处广西南端，北部湾东北岸。市区南北西三面环海，有涠洲（24.74 平方公里）、斜阳（1.8 平方公里）二个海岛，涠洲岛距市区大约20.2 海里。这是个浪漫的城市，风光旖旎，气候宜人。阳光、沙滩、海水是北海给人的最深印象。',0),(49,'涠洲岛','','../../images/destination/dad52d935fe24b96a8f24d83c5a070001585490742098.jpeg','涠洲岛位于广西北海市正南面21海里的海面上，是广西最大的海岛，也是中国最年轻的火山岛。在2005年《中国国家地理》杂志“选美中国”活动中，涠洲岛被评为“中国十大最美丽海岛”，位列第二。',0),(50,'南宁','','../../images/destination/4e537265c0ca49a9a0ed89b0b46867cb1585490792236.jpeg','南宁是广西壮族自治区首府。古代属于百越之地，距离现在有1680年历史，唐朝贞观八年，唐太宗把这里定名为邕州，南宁的简称“邕”由此而来，元朝泰定元年，中央政府为取南疆安宁，而定名为南宁。',0),(51,'龙脊梯田','','../../images/destination/2840a76e278d416ab6eac39c324ff2191585490844353.jpeg','龙脊梯田位于广西桂林市龙胜各族自治县东南部和平乡境内，距县城22公里。从广义说叫做龙胜梯田，从狭义上称为龙脊梯田。龙脊梯田有“世界梯田之冠”的美称，最为经典的是平安壮寨梯田和金坑红瑶梯田。',0),(52,'成都','','../../images/destination/0201ad4446bf4366ac87ecc3d5722a4b1585491071190.jpeg','成都位于中国西南地区。地处全川中心，是四川省政治、经济、文化的核心。',0),(53,'稻城','','../../images/destination/3b937e3751e24b6c850bb906c193c6451585491135992.jpeg','“稻城”和“亚丁”往往相伴出现，以至于很多人都弄不清稻城和亚丁的关系。首先，稻城不是“城”，而是四川省甘孜藏族自治州下属的“县”，而亚丁是稻城县的一个景区，距离稻城县城108公里。对大多数人而言，景点不多的稻城县城是通往风景如画的亚丁景区的一处驿站',0),(54,'九寨沟','','../../images/destination/c7d42963ee6849ee9b64632eee47f8d61585491214000.png','九寨沟位于四川省阿坝藏族羌族自治州九寨沟县漳扎镇，因九个藏族村寨而得名，被联合国教科文组织列为世界自然遗产。以“九寨六绝”——翠湖、叠瀑、彩林、雪峰、藏情、蓝冰而闻名。',0),(55,'色达','','../../images/destination/93d1ae29fb2049e19388023446700b001585491262457.png','色达位于四川省甘孜藏族自治州的东北部，和青海省果洛藏族自治州达日、班玛两县接壤，是以藏族为主的纯牧业县。色达在藏语里的意思是“金马”，因历史上曾在色达境内出土了一块马形的金块而得名。',0),(56,'峨眉山','','../../images/destination/023d4a9432a0452d9100788c8e4f51731585491312500.png','峨眉山位于神秘的北纬30度附近，雄踞在四川盆地西南部，以其“雄、秀、神、奇、灵”和深厚的佛教文化，成为世界自然与文化双遗产。',0),(57,'亚丁','','../../images/destination/72e894cfb47c4f67b02898beea89e3091585491377747.jpeg','说在青藏高原雪山深处的一个隐秘地方，有一个被双层雪山环抱王国，那里有雪山、冰川、峡谷、森林、草甸、湖泊、金矿及纯净的空气，这个王国就是香巴拉王国，被称为水蓝色的星球上的最后一片净土，也就是今天的稻城亚丁。',0),(58,'南京','','../../images/destination/64b36a9613e14afe9bdb206bdbaf1be51585491488403.jpeg','南京位于中国东部，长江中下游沿岸，是江苏省的省会。“六朝古都”的沧桑洗礼，现代化都市的灿烂文明，让南京这座依山傍水的历史名城独具魅力。',0),(59,'苏州','','../../images/destination/23814913220b46e096402137b970c4c31585491545289.png','苏州位于江苏省东南部，自古就被文人称作人间天堂，也被马克·波罗惊叹为“东方威尼斯”。这座古城座落在水网之中，街道依河而建，水陆并行；建筑临水而造，前巷后河，形成“小桥、流水、人家”的独特风貌。',0),(60,'无锡','','../../images/destination/f726ddc356de45a89bd8c9edb3d62c7e1585491629471.jpeg','太湖步步是景，从充山隐秀到太湖仙岛，光是名字就足以让人沈醉；鼋（yuan2）头渚是太湖之最，郭沫若对其有“太湖绝佳处，毕竟在鼋头”的描述。',0),(61,'扬州','','../../images/destination/de4018f0e81c4e7cbfbdcc0933a800ad1585491689719.png','扬州，宜清风、宜月色、宜微雨，宜老饕。也只有到了柳絮纷飞，烟雨濛濛之时，扬州的婉约才能衬托出来。这个娴静的苏中小城，即使只是用步行去欣赏也不会太累，和古时的扬州相比，她淡去了“腰缠十万贯，骑鹤下扬州”的气派，略去了“十年一觉扬州梦，赢得青楼薄幸名”的浮华，如今已归于平静。',0),(62,'周庄','','../../images/destination/94a3c6cb4b5f4b2da9257bb7e1f421e01585491742232.jpeg','“上有天堂，下有苏杭，中间有个周庄”。周庄，有着天下第一水乡的美誉。苏州昆山市的周庄因水成街，因水成路，水滋润着周庄，水丰富着周庄，水是周庄的灵魂，“水乡小巷多，人家尽枕河”。',0),(63,'常州','','../../images/destination/72f14d75c1d447488a347e7ac2194e8c1585491789388.png','常州市位于江苏南部，地处长三角中心地带，与南京、上海等距相望。其地处长江以南、太湖北滨，与苏州、无锡联袂成片、构成苏锡常都市圈。常州有2500 多年的历史，京杭大运河从常州穿城而过，积淀下这座古韵流转的南方小城。',0),(64,'西安','','../../images/destination/28150237c9354dc59ae9727551f16d9d1585491917408.jpeg','西安古称“长安”，地处中国中西部，是陕西省的省会。这座历经13个朝代的兴衰的城市，犹如一座巨大的博物馆，无论是世界八大奇迹之一的兵马俑、历经沧海桑田的古城墙、还是曾经藏有天竺经书的大雁塔……古人留下的一砖一瓦，无不揭示着历史的底蕴。',0),(65,'华山','','../../images/destination/d0a0930df3944336b10751d594ad77021585491974502.jpeg','华山古称太华山，海拔2160米，为五岳中的西岳，以奇险著称，有“奇险天下第一山”、“自古华山一条道”之说。西岳华山是秦岭支脉分水脊北侧的一座花岗岩山,于渭河平原上拔地而起，山势雄伟，奇峰突起，北临黄河，南依秦岭。',0),(66,'延安','','../../images/destination/63ea84b710204298ae09e3d60a75ee3c1585492038945.jpeg','延安自古就是兵家必争之地，有“塞上咽喉”、“军事重镇”之称，被誉为“三秦锁钥，五路襟喉”。其标志性建筑宝塔山，是革命圣地的象征，融自然景观与人文景观为一体。',0),(67,'咸阳','','../../images/destination/0c60ca47d47b45a8bdee16d5e479f4801585492086611.jpeg','咸阳位于关中平原中部，“八百里秦川”腹地，因山南水北皆为阳，故名。咸阳市现辖秦都区、渭城区、杨陵区、兴平市、三原县、泾阳县、乾县、礼泉县、永寿县、彬县、长武县、旬邑县、淳化县、武功县。',0),(68,'壶口瀑布','','../../images/destination/c1fb5bbcd210493d8cc9d1812f0aae0c1585492133410.jpeg','壶口瀑布是黄河中游流经秦晋大峡谷时形成的一个天然瀑布。在山西和陕西之间，由壶口分隔开来。壶口瀑布就诞生在这个壶口中，瀑布之前，黄河的河床足有几千米宽，而到了这里，两岸岩石陡然一缩，形成了一条长足有万米的狭槽。',0),(69,'汉中','','../../images/destination/1de41267807249e88f892119c85ddf151585492199392.jpeg','汉中市历史悠久，是汉家的发祥地。汉中在夏商时期称梁州，为九州之一,自公元前312年秦惠文王首置汉中郡，为秦36郡之一，迄今已有2300多年的历史。',0),(70,'杭城','','../../images/destination/79c38f1a88f74b92a3d1cc8c4e2150ce1585492320417.jpeg','这座自古就被人称作“人间天堂”的杭城，山、泉、湖、桥、塔、寺样样俱全，风景中的色彩也随着时间逐渐多样化起来。西湖沿岸，城市和公园并没有绝对的界限，茂盛的植被与各色小店融为一体。这正是杭州有趣的地方，到处被大自然的绿意包围，却也没有远离城市的空旷感。',0),(71,'乌镇','','../../images/destination/898ad807a7f040938971f5c352127a471585492369994.png','乌镇是江南四大名镇之一，是一个具有六千余年悠久历史的古镇。白墙、黛瓦、小桥、流水，携带着中国水墨画的气息扑面而来，雕梁、画栋、石巷、老屋，见证着历史沧桑的风情画卷映入眼帘。',0),(72,'西塘','','../../images/destination/d07b48281c7b4f5cab8c8404c026b2a41585492436139.jpeg','阿汤哥在白墙黛瓦间的跳跃穿梭，在烟雨长廊间的飞速狂奔，也把这个浙江嘉善县小镇美景，随同《谍中谍3》一起带给了全世界。远眺水乡，白墙墨顶，舟影波光，在薄雾的晕染下恰如一幅淡彩的宣纸画；走进古镇，廊棚苍老，弄堂幽深，似乎进入了久远的历史',0),(73,'宁波','','../../images/destination/3b22b8862d164533a7ef819711b478881585492497883.png','宁波其实并不算真正意义上的旅游城市，更多的是沉淀在这个城市的文化底蕴，先去天一阁走走，看看亚洲最古老的图书馆，再找个海鲜小馆尝尝鲜，晚上，去老外滩看看夜景，吹吹风，小饮对酌，作为早期的通商口岸之一，即使只是缅怀一下过往也是好的。',0),(74,'绍兴','','../../images/destination/09d65d7c56884933a9b58ae54faa47911585492561239.jpeg','一说到绍兴，脑海中第一个蹦出来的自然是鲁迅，从百草园到三味书屋，从孔乙己的茴香豆到故乡的社戏，随处可见鲁迅文化中的故乡情结。这个建于夏代，有着2500年深厚历史的文化古城，浙东古运河是她的血脉，会稽山是她的脊梁，鲁迅的书屋、沈园的词、兰亭的书法和绍兴的老街和古桥都让绍兴有了浓浓的书卷气。',0),(75,'千岛湖','','../../images/destination/e7f0326203f845289cca663cd2d75d4d1585492636475.jpeg','1078个岛屿似一只只翡翠玉盘铮然出挑，小如螺黛一丸，大则碧岫千寻。浑然大美的千岛湖，既有可与桂林山水相媲美的娇艳风光，更有赛过太湖洞庭的浩瀚气势。千岛湖的碧水，因与钱塘江、富春江、新安江逶迤相接，益发悠长壮美。',0),(76,'哈尔滨','','../../images/destination/5fe49669d5844c398cb808abce5bf44c1585648243225.jpeg','极富俄罗斯风情的城市面貌和冬日的冰雪美景无疑是吸引游人前来哈尔滨游玩的两大重要原因。丰富且特殊的历史历程给这个城市留下了俄式、巴洛克式、拜占庭式等各类风格的西式建筑，因此许多人称之为“东方莫斯科”。',0);

/*Table structure for table `food` */

DROP TABLE IF EXISTS `food`;

CREATE TABLE `food` (
  `id` int(11) NOT NULL AUTO_INCREMENT,
  `name` varchar(50) NOT NULL,
  `price` float NOT NULL,
  `foodDesc` varchar(200) NOT NULL,
  `url` varchar(100) DEFAULT NULL,
  PRIMARY KEY (`id`),
  UNIQUE KEY `name` (`name`),
  UNIQUE KEY `url` (`url`)
) ENGINE=InnoDB AUTO_INCREMENT=21 DEFAULT CHARSET=utf8;

/*Data for the table `food` */

insert  into `food`(`id`,`name`,`price`,`foodDesc`,`url`) values (1,'汽锅鸡',68.8,'汽锅鸡是云南的名菜之一，在汽锅下放一盛满水的汤锅，然后把鸡块放入汽锅内，纯由蒸汽将鸡蒸熟。保持了原汁，肉嫩香，汤清鲜。汽锅常以三七、虫草加入，有滋补之效。','../../images/food/41907383428d4ae6847979470b90a5591584594941193.jpg'),(2,'腾冲炒饵块',18.8,'久负盛名的皇封名吃“大救驾”——腾冲炒饵块，更是以其色、香、味、形四美并具的独有品质倾倒了有此口福的天下吃客。腾冲人将大米精加工为饵丝、饵块，已至少有三五百年历史。','../../images/food/7279048251b6479db925f834f66dcd901584594974238.jpg'),(3,'乌鸡汤',28.8,'以乌鸡、阿胶、黄精、桂圆、红枣、枸杞等食材制作而成。乌鸡营养丰富，并含有激素和紫色素，对人体白血球和和血色素有增强的作用。','../../images/food/e1cf1a9bad7d49c79dbec8fe3a394c331584594986943.jpg'),(4,'紫米八宝饭',16.5,'一道不折不扣的美容饭。以紫米为主要原料制成，是墨江、思茅、昆明一带独特的风味小吃，也是酒席上的名贵甜甜食。','../../images/food/1f17a9931d6f4b75b67f24a4c1f4da721584595004311.jpg'),(5,'昆明豌豆粉',16.5,'豌豆粉是昆明传统的汉族小吃，用干豌豆粒，磨瓣去皮，用水泡发后，掺水磨成浆，经过滤、熬者成糊，冷却后凝回而成。','../../images/food/dd3032a7236d4f8297659192bbd2cb881584595016425.jpg'),(6,'过桥米线',23.8,'过桥米线是云南美食的一张名片，也是外地游客来滇的必尝之物。要吃到一碗好的过桥米线，精髓在于汤、米线及配料。一根根米线上附着油脂，入口爽滑，劲道。','../../images/food/0eb1b76f7cdb46dc8f03a42c6828f8761584595051953.jpg'),(7,'老奶洋芋',19.8,'老奶洋芋是云南美食之一，它口感绵密，十分酥软，故得此名。制作简单，色泽金黄诱人，散发着阵阵土豆味儿，吃起来确实很香，还可以添加别的各种配料来丰富口感。','../../images/food/cb2f791adca0442abdfa7e0bbf2cece41584595082431.jpg'),(8,'红油猪耳',28.8,'红油猪耳是用猪耳制作的一道家常菜。猪耳含有蛋白质、脂肪、碳水化合物、维生素及钙、磷、铁等，具有补虚损、健脾胃的功效，适用于气血虚损、身体瘦弱者食用。','../../images/food/c45a45ef1b424debb499c918dfd192231584595094230.jpg'),(9,'青椒松茸',16.8,'昆明名菜之一。用青辣椒加蒜片与松茸片相炒，以肉汤加湿淀粉勾芡，百种缀红绿，清香味醇厚。','../../images/food/e3bb4a61e56541a6a064fa25674464591584595137975.jpg'),(10,'香竹饭',19.8,'香竹饭具有浓郁的傣族风味，每年11月至次年2月间做出的饭最好。此时竹子内有一层香气扑鼻的香膜，所以叫香竹。','../../images/food/a9c3dfb63b4343dabb4e7295fde8eeee1584595166747.jpg'),(11,'大救驾',22.5,'大救驾是云南腾冲县最出名的小吃之一，是炒饵块的一种，制作的方法是将饵块切成小片，再加上火腿、鸡蛋、肉、萝卜、番茄等，一起放在锅中爆炒而成。','../../images/food/b3bb00ecf00845d3b032c66c76dc06ac1584595180600.jpg'),(12,'烧饵块',8.8,'烧饵块是云南当地的一种民俗小吃。是用煮熟的大米饭压成块状，通常是圆形薄饼状。在炭火上面烤制，然后涂上酱料和菜馅即可。大米的清香搭配酱料的风味，是当地人都喜爱的可口食品。','../../images/food/b152616fc68f42dcb2183bf44a9fbaf31584595195950.jpg'),(13,'豆焖饭',13.8,'豆焖饭是选用刚摘下的鲜嫩蚕豆，剥壳去皮留下豆米，熟火腿切成指甲大小的片，再把上米掺入二分之一糯米掏洗干净，煮熟控出米汤。','../../images/food/3686cb748cdd4de596b0e4235f8a59d81584595219059.jpg'),(14,'无量翅包饭',9.8,'无量山翅包饭在大理当地备受欢迎，目前是大理最受欢迎的休闲小吃，全球各地到大理旅行的游客，无不一品号称大理十大美食之首的翅包饭为荣。','../../images/food/c0becc80a4c345d79f931df08c8acd391584595235295.jpg'),(15,'腌海螺',22.5,'大理洱海盛产螺蛳，白族人尤其喜欢食用螺蛳，自然吃的方法也很多，其中腌螺蛳就是一种独特的吃法。','../../images/food/352871da1a884c88b95adacd283022a71584595262509.jpg'),(16,'大理雕梅',16.8,'大理处于滇西交通要冲，有临近洱海的优势，稻作、水产、山珍皆有。其中雕梅、酸泡梨、话梅等腌制果脯远近闻名。','../../images/food/5664cb6b53b34891a923955620769d5a1584595286734.jpg'),(17,'五彩花米饭',12.8,'五彩花米饭是云南地区的特产，色彩鲜艳，味道悠远。色彩一般有红、紫、黑、白、黄等颜色，颜色鲜艳美观，称为“五彩花米饭”。','../../images/food/480f162f8f72482ba5f672249f9fecd71584595301500.jpg'),(18,'菠萝饭',12.8,'菠萝饭，又叫凤梨饭，营养全面，富含维生素及蛋白质，有助于提高记忆力;形式可爱，色彩丰富，香甜可口，在考试前夕能帮助精神压力大的孩子增加食欲、促进消化。','../../images/food/7c9d493788bc4b5390bcc514e6d7a19e1584595313198.jpg'),(19,'酸角糕',12.8,'酸甜味道符合大众口味，能促进肠胃消化，去除口气，可也清暑热，化积滞，治暑热食欲不振，妊娠呕吐，小儿疳积，治酒化为痰，解酒护肝，补钙。','../../images/food/1512f39c3d0a4d29b628574b184bf8f11584595398575.jpg'),(20,'鲜花饼',8.8,'鲜花饼是以云南特有的食用玫瑰花入料的酥饼，是具有云南特色的云南经典点心代表。','../../images/food/a23e4c5b20314c11aec1707b654d5e211584595413463.jpg');

/*Table structure for table `hotel` */

DROP TABLE IF EXISTS `hotel`;

CREATE TABLE `hotel` (
  `id` int(11) NOT NULL AUTO_INCREMENT,
  `name` varchar(20) NOT NULL,
  `english` varchar(50) NOT NULL,
  `hotelDesc` varchar(100) NOT NULL,
  `location` varchar(50) NOT NULL,
  `price` double NOT NULL,
  `url` varchar(100) NOT NULL,
  `destId` int(11) NOT NULL,
  PRIMARY KEY (`id`),
  KEY `destId` (`destId`),
  CONSTRAINT `hotel_ibfk_1` FOREIGN KEY (`destId`) REFERENCES `destination` (`id`)
) ENGINE=InnoDB AUTO_INCREMENT=32 DEFAULT CHARSET=utf8;

/*Data for the table `hotel` */

insert  into `hotel`(`id`,`name`,`english`,`hotelDesc`,`location`,`price`,`url`,`destId`) values (1,' 云端·精品度假庭院(丽江在水一方店)','Yunduan Inn (Lijiang Zaishui Yifang)','十大特色文化主题客栈之一：古城一线河景客栈；古城超大的花园客栈。同时也是写生、写真的取景点，网红打卡处哟。','七一街崇仁巷120号',243,'../../images/hotel/58a95db16f6d486bb0e1b9ae47e3b4a31585061687424.jpeg',1),(2,' 丽江芝麻开门客栈(义尚街文华巷分店)','Today＇s room','原汁原味的纳西庭院融合了园林式自然景观。卧室里有手工制作的实木家具、民族摆饰、特色灯饰。设有专属管家，提供一站式服务，给你家的感觉。','丽江古城区义尚街文华巷',137,'../../images/hotel/b85e33cf3bef450eaf32cccd2aebd3c71585061841821.jpeg',1),(3,' 丽江赵公府邸客栈','Zhao Gong mansion house','房间装饰和氛围很好，古朴优雅，很有当地的特色，更有情调，床单被套上有太阳的味道，软绵绵的，晚上睡觉特别香。','丽江古城义尚街文华巷17号',135,'../../images/hotel/01787f877fc4490d871fd94f914e79631585061929145.jpg',1),(4,'丽江·晴初阁客栈','Qing Chu Ge Inn','客栈位于古城北门，离四方街五一街很近。客栈环境很优美，客栈老板很热情，给我们推荐的玉龙雪山游玩的很好，告诉我们买东西注意什么，很细心。','五一街兴仁上段42-3号',167,'../../images/hotel/8f1612efc54f4f9498ddc34ea55d76231585062039367.jpeg',1),(5,'丽江四福雅舍度假民宿','Sifu Yashe Boutique Hotel','丽江四福雅舍度假民宿位于丽江古城五一街溪水之畔，周边有方国瑜故居、官门口、大水车等景点，出游非常便利。','丽江古城区五一街兴仁上段76号四福雅舍精品客栈',266,'../../images/hotel/c4dbd406bb824e0c9c5f2ace8eaf30571585062202289.jpeg',1),(6,'昆明中维翠湖宾馆','Zhongwei Green Lake Hotel ','宾馆地处繁华地段，附近环境宁静优雅。宾馆历史悠久，外观气派，大堂设计奢华不俗。房间设施齐全，干净整齐。','翠湖南路6号',977,'../../images/hotel/d5a568e93d6f45c1a2025a8025ee6acc1585062320241.jpeg',2),(7,'昆明花之城豪生国际大酒店','Howard Johnson Flower City Hotel','酒店地理位置很不错，交通便利。酒店非常漂亮，很气派。酒店的服务和卫生很好，能够让蜂蜂们尽享惬意闲适时光，值得推荐！','金瓦路8188号花之城（正门进）',960,'../../images/hotel/c307fc2fa73846129238b5e5a5825c821585062433988.jpeg',2),(8,'昆明洲际酒店','InterContinental Kunming','酒店院子主题色以绿色为主，庭园内池塘和迷你足球场等设施完备。酒店大堂干净又明亮，房间也宽敞舒适，值得推荐哦！','怡景路5号',998,'../../images/hotel/3694a8857a314293bd521ac14cb5162e1585062564819.jpeg',2),(9,'如家精选酒店(昆明翠湖店)','Home Inn Plus (Kunming Cuihu)','酒店紧邻大观商业城、沃尔玛购物广场等，交通便利，周边有各大银行环绕，生活方便。环境温馨舒适，设施齐全。','翠湖南路152号',246,'../../images/hotel/91f6f9eb591a40779eb7a7f90356bf741585062667718.jpeg',2),(10,'昆明大脚氏国际青年旅舍','Kunming Cloudland International Youth Hotel','旅舍地理位置很不错，靠近沃尔玛超市、昆都夜市、大观电影院等，交通便利。旅舍老板也很热情，入住体验感不错，性价比很高，值得推荐！','篆塘路23号',52,'../../images/hotel/c21b657bd9a14b12a4e3bd07bc96bdf21585062779726.jpeg',2),(11,'大理蝴蝶海景度假别墅酒店','Butterfly Lake View Holiday Villa Hotel','不出国也像在希腊,一栋圣托里尼风格的蓝白色系别墅，房间宽敞干净，每间都能观赏到整个苍山洱海的景色。别墅的厨房提供免费小食，早餐的米线...','机场路洱海传奇小区别墅B8-5',380,'../../images/hotel/b04a8e58f2a24652a8ed31da5d90c8e81585063055301.jpeg',3),(12,'大理古城花迹湾主题精品酒店','Huajiwan Theme Boutique Hotel','...','水碓村隐仙路',146,'../../images/hotel/368475102121434eb3ba291979ee9bd21585063126134.jpeg',3),(13,'大理既见·子园山居海景VILLA','Yinyue · Dali Ziyuan Holiday Villa','隐阅·大理子园度假别墅(高尔夫店)位于大理三塔北路，南临佛教圣地崇圣寺三塔，南近天龙八部影视城，交通便利。','三塔北路苍海高尔夫国际社区一期19幢',1188,'../../images/hotel/494c402a0462423ba60be85dedfd5dd71585063182382.jpeg',3),(14,'大理洱海天域英迪格酒店','Hotel Indigo Dali Erhai','酒店位置好，周围环境很好。出门就可以到湖边，出行也很方便。酒店早餐是自助的，品种丰富，口感不错。入住体验感非常棒，性价比很不错。','滨海大道015号',770,'../../images/hotel/88dc34c37a95481cb3cfcfcba1b860341585063246596.jpeg',3),(15,'大理掬埠园精品商务酒店','Jubuyuan Hotel','酒店北临天秀路，南靠大理州森警支队，西侧可俯瞰苍山洱海，距大理机场约9公里，周边秀北山森林公园、掬秀公园、花田公园配套，环境清幽。','海东新城天秀路以南',423,'../../images/hotel/3e54d02a85c044c4915470803ff46b181585063302370.jpeg',3),(16,'西双版纳自在虚度光阴客栈','Enjoy Time Inn','...','景洪市',328,'../../images/hotel/a3904c9c4f564105a58f8941c998a57d1585100380385.jpeg',4),(17,'西双版纳凤尾竹客栈','Fengweizhu Inn','客栈位于告庄西双景景法寨，在澜沧江边，位置特别好。客栈周围的环境不错，装修很有民族特色，老板的服务也是超热情的。','景洪市',200,'../../images/hotel/51d2d2f20801441bba6d9ffe40067e0c1585100463549.jpeg',4),(18,'景洪景兰客栈','Xishuang Banna Jinglan Inn New','这家客栈的位置不错，在景兰大酒店的背后，周围就是景洪的一个小商区，购物吃饭都非常的方便，而且晚上在客栈附近有一个夜市。','景洪市',93,'../../images/hotel/50bd756849034c01b2e0c525f21a61ac1585100534571.jpeg',4),(19,'景洪暹罗酒店','Siam Hotel','...','景洪市',128,'../../images/hotel/93f0eb4059534e078b3d8e8af0ee24301585100589848.jpeg',4),(20,'语霖天堂连锁客栈(西双版纳精品店)','Gaozhuang Yulin Paradise Inn','...','景洪市',102,'../../images/hotel/be3c0c2bda4b4da6ad3e8dc9c12e818c1585100645958.jpeg',4),(21,'香格里拉花今朝精品客栈(屋企店)','Blossom Dynasty Inn','藏式风情的精品客栈，每一间房子都以花命名，古色古香的客栈与古城的氛围十分融洽，坐在院子里与老板和客人们畅谈，十分享受。','独克宗古城',432,'../../images/hotel/3ce3c7bebefe4a7d8376a3f51f3b3a5e1585100816114.jpeg',5),(22,'香格里拉喜悦精品客栈','Shangri-La Joy Boutique Hostel','酒店环境很温馨，装修设计的非常有特色。房间很大，布局挺合理的，房间内各类用品也非常舒适贴心，简直太满意了！','独克宗古城',131,'../../images/hotel/0b00bf7eb7cf4556bb5d129333c226db1585100967327.jpeg',5),(23,'香格里拉泽丹旺姆藏别院','Tseten Wangmo Resort','别院的位置很好，离月光广场很近。别院的建筑风格融入了各类藏文化元素，可让您身临其境的感受藏族同胞的民俗风情，值得推荐。','独克宗古城',233,'../../images/hotel/e9d2a23277704dd1872fcdf16d59c3cb1585101035091.jpeg',5),(24,'香格里拉阿若康巴·南索达庄园','Arro Khampa by Zinc Journey Shangri-La','酒店是以藏式和纳西式建筑为特色的精品庄园，内部装饰体现了浓郁的民族风格及现代化的舒适享受。酒店房间风格很有特色。','独克宗古城',954,'../../images/hotel/4bc151281a1a4275b0dc779561009abd1585101091616.jpeg',5),(25,'香格里拉松赞林卡酒店','Songtsam Retreat Shangri-La','酒店错落有致地分布在半山坡上，上下都有楼梯。酒店房间布置得很温馨，房间里所有的装潢都是藏族风格还有一个小小的壁炉可供生火取暖。','建塘镇松赞林寺小街子村',1330,'../../images/hotel/97651afa9cee41059b5e18b2edc4020e1585101154636.jpeg',5),(26,'久栖·和顺畔山小墅客栈','Jiuqi · Hillside Ldyllic Holiday Cottage','...','和顺古镇',229,'../../images/hotel/a8c682b8b9c142e588ad2da1dde07e6a1585101283544.jpeg',6),(27,'想住和顺美宿(原和顺幸福里客栈)','Xiangzhu Heshun Meisu Hostel','在客栈的任何一个景观阳台，古镇的村落和美景都在眼下，视野开阔，一览无余，森林的四季景色和淳朴田园风光都无比珍贵，老板更是服务热情。','和顺古镇',500,'../../images/hotel/b03e37a57bb74358bceabd38e672a8581585101349758.jpeg',6),(28,' 和顺云开月明客栈','YKYM','很棒的一间客栈，离古镇繁华的李家巷就几分钟的路程，小院和二楼小平台打造的很漂亮，花花草草都开得很好，特适合悠闲地晒太阳、看看书、发发呆','和顺古镇',113,'../../images/hotel/2b961d325571467b9095618570ea7ca91585101417166.jpeg',6),(29,'腾冲燕集乡学度假庭院','YENGE HOME COUNTRY RETREAT','民宿由贾家祖宅改建，两座院落占地近千平，布局16间客房，开间宽敞，⼤窗全明，前可眺和顺田野，后可望古刹密林。','和顺古镇',436,'../../images/hotel/c408ab3a29954afb992b66a0632a78c71585101500998.jpeg',6),(30,'腾冲和顺怡和小院(杨老师家)','Yihe Courtyard (Yanglaoshi\'s Home)','...','和顺古镇',258,'../../images/hotel/86272e37d07d42dda82bf63e099b4dda1585101544401.jpeg',6),(31,'丽江沐云听风客栈','muyuntingfeng inn','客栈位置闹中取静，无论是去古城中心，还是古城外，都非常方便。客栈拥有独特的公共观景平台，可一览古城全景。环境很好，服务很贴心。','五一街兴仁上段公房26号',168,'../../images/hotel/077105a681394cb2a210fc47b395419a1585292166802.jpeg',1);

/*Table structure for table `leaveword` */

DROP TABLE IF EXISTS `leaveword`;

CREATE TABLE `leaveword` (
  `id` int(11) NOT NULL AUTO_INCREMENT,
  `routeId` int(11) NOT NULL,
  `userId` int(11) NOT NULL,
  `txt` varchar(300) NOT NULL,
  `createTime` datetime NOT NULL,
  PRIMARY KEY (`id`),
  KEY `routeId` (`routeId`),
  KEY `userId` (`userId`),
  CONSTRAINT `leaveword_ibfk_1` FOREIGN KEY (`routeId`) REFERENCES `route` (`id`),
  CONSTRAINT `leaveword_ibfk_2` FOREIGN KEY (`userId`) REFERENCES `user` (`id`)
) ENGINE=InnoDB AUTO_INCREMENT=60 DEFAULT CHARSET=utf8;

/*Data for the table `leaveword` */

insert  into `leaveword`(`id`,`routeId`,`userId`,`txt`,`createTime`) values (1,1,1,'你好，这是一条留言测试','2020-03-07 18:25:09'),(2,1,5,'再见了，魅力云南','2020-03-07 19:05:54'),(3,2,7,'香格里拉真美','2020-03-07 19:23:57'),(4,3,11,'玉龙雪山真好玩！！！！！！！！！','2020-03-07 19:24:45'),(5,1,23,'9天时间玩的很开心','2020-03-07 19:30:00'),(6,2,1,'这条路线很好，我很喜欢','2020-03-07 19:47:14'),(7,2,12,'真棒!!!!!!!','2020-03-09 14:42:10'),(12,2,1,'测试执行成功','2020-03-09 17:51:22'),(14,3,1,'拉市海位于丽江城西10公里处，可以在古城忠义市场旁乘坐面包车前往，票价3-5元；也可以选择从古城包车前往，包车费用50-70元。大多数一日游包含骑马、划船、往返接送和午餐，很方便。','2020-03-09 17:52:25'),(15,3,1,'建议返回丽江古城住宿，五一街是一条充满小资情调的街巷，各种特色小店、咖啡吧、文艺气息浓郁，建议选择该区域入住。','2020-03-09 17:52:32'),(16,3,1,'云端精品度假庭院（丽江纳西风情店）同样位于五一街，客栈是根据纳西传统四合院进行装修和布置，保留了纳西小院的特有风格，房间全部采用纳西雕花实木式家具，庭院更有假山流水摇椅凉亭。','2020-03-09 17:52:38'),(17,3,1,'啦啦啦啦','2020-03-09 17:52:44'),(19,1,1,'包车环游泸沽湖是比较方便的方式之一，根据车型和季节的不同价格在400-600元/天。如果时间和体力充足，租辆自行车和电动车环湖也是不错的选择，但会比较辛苦。','2020-03-09 17:53:46'),(20,1,10,'若直接从丽江包车前往泸沽湖，根据车型不同，一般淡季为350-550元，旺季为550-800元。','2020-03-11 17:27:22'),(21,2,10,'晚上返回继续返回香格里拉独克宗古城区域住宿，这里多为一些民居式客栈，价格比较便宜，住宿环境也好。','2020-03-11 17:27:40'),(22,3,10,'束河古镇位于丽江古城西北约5公里处。可在古城乘坐11路公交车到束河路口下车，再步行至古镇大门；也可在古城包车前往，5元/人，打车约20元；如果体力充足，也可租一辆自行车前往。','2020-03-11 17:28:09'),(24,2,3,'如果懒得自己找车，也可以选择一些包含门票、观光车和往返交通的一日游。','2020-03-13 14:52:07'),(26,2,6,'香格里拉是藏族居住区，很多餐厅都是以藏餐为主，也有一些云南菜餐厅。特色菜有：牦牛肉、酥油茶、琵琶肉、米灌肠和苦茶炒面等。','2020-03-15 18:28:53'),(27,3,6,'芝麻开花连锁芝麻开门客栈位于古城五一街，近四方街，地理位置优越，出行非常方便。客栈是非常典型的木式建筑，门前小桥流水潺潺，让你充分体会古城流水人家的韵味。','2020-03-15 18:29:13'),(28,1,9,'大理照澜院精品客栈位于洱海门脚下，出门左转就是人民路，客栈为传统大理白族砖木结构建筑，整个客栈的装修典雅中透着时尚的味道。','2020-03-15 18:29:42'),(29,2,9,'丽江最著名的美食是小吃和火锅，鸡豆凉粉、纳西烤鱼、粑粑和东巴烤肉是最受欢迎的小吃，火锅则以腊排骨火锅、洋芋鸡火锅、黑山羊火锅、菌类火锅和牦牛肉火锅为代表。今天一日三餐均可在古城内解决，小吃与火锅任意搭配组合，还可以去品尝一下丽江特色的三文鱼。','2020-03-15 18:29:55'),(30,3,9,'建议返回丽江古城住宿，五一街是一条充满小资情调的街巷，各种特色小店、咖啡吧、文艺气息浓郁，建议选择该区域入住','2020-03-15 18:30:15'),(31,2,14,'四方街是古城最繁华的地方，周围食肆、酒吧、商铺林立，晚上更是热闹非，建议选择该区域入住。','2020-03-15 18:30:46'),(32,3,14,'丽江古城内步行即可到达各个景点。','2020-03-15 18:31:14'),(33,1,16,'在大落水客运站每天有两班车发往丽江，分别是8:30和9:00，单程100元，车程8小时左右。','2020-03-15 18:32:05'),(34,1,17,'上苍山有两个途径：乘坐索道、步行走登山步道。索道有三条，感通索道、中和索道和苍山大索道。索道互不相通，山下站点也不在同一位置，三条索道分别可达山腰玉带路上的清碧溪、中和寺和洗马潭。这里建议选择乘坐大索道，大索道最长，风光自然也更好。','2020-03-15 18:32:58'),(35,2,17,'格里拉县城内共有6条公交线路，运行时间为6:00—18:00，票价1元，乘坐3路公交可到达噶丹·松赞林寺；出租车起步7元，县城内一般不打表，到哪里基本都只要起步价，出城的话一般15元左右。','2020-03-15 18:33:31'),(36,3,17,'束河古镇位于丽江古城西北约5公里处。可在古城乘坐11路公交车到束河路口下车，再步行至古镇大门；也可在古城包车前往，5元/人，打车约20元；如果体力充足，也可租一辆自行车前往。','2020-03-15 18:33:56'),(37,1,18,'包车环游洱海，早上从古城出发开始顺时针环洱海。包车行程可自己决定，也可听取包车司机的建议。建议顺序游玩的景点：喜洲镇-蝴蝶泉-双廊-南诏风情岛-挖色镇-小普陀，时间的话允许记得在洱海东岸等待大理最美的日落。','2020-03-15 18:34:47'),(38,3,18,'云端精品度假庭院（丽江纳西风情店）同样位于五一街，客栈是根据纳西传统四合院进行装修和布置，保留了纳西小院的特有风格，房间全部采用纳西雕花实木式家具，庭院更有假山流水摇椅凉亭。','2020-03-15 18:35:11'),(39,1,19,'探访玉龙雪山，先乘坐大索道到冰川公园，感受全球中低纬度山岳冰川的精华。下山后建议先吃午饭，午饭后时间来得及的话可以在蓝月谷剧场看13:30场的《印象丽江》。或是直接前往牦牛坪，在这里观赏玉龙雪山十三峰；之后前往云杉坪，探索隐藏在原始云杉林中的巨大草坪，记住乘坐索道到达雪山半山腰时是拍摄雪山全景的最佳位置。最后回到山脚蓝月谷，看山谷中这一湾近乎凝固的湛蓝。','2020-03-15 18:35:53'),(40,2,19,'晚上住在香格里拉独克宗古城区域，这里多为一些民居式客栈，价格比较便宜，住宿环境也好。','2020-03-15 18:36:41'),(41,1,21,'到达丽江后，先游览丽江古城，漫步在古城小巷，尽情享受古城慵懒的氛围，还可以在街头巷尾寻觅各式丽江特色小吃来填补肚子。之后前往狮子山，登上狮子山的制高点—万古楼，俯瞰整个丽江古城，运气足够好的话向北可以远眺到玉龙雪山。下了狮子山顺路去木府，近距离欣赏古城内这座仿紫禁城的纳西宫廷式建筑。傍晚回到古城，在四方街感受古城的夜生活，还可以去酒吧消遣一番， 说不定会碰上美好的艳遇。','2020-03-15 18:37:19'),(42,2,21,'如果懒得自己找车，也可以选择一些包含门票、观光车和往返交通的一日游。','2020-03-15 18:37:49'),(43,3,21,'以四方街为中心，往东便是五一街道。这是一条充满小资情调的街巷，各种特色小店、咖啡吧、文艺气息浓郁，建议选择该区域入住。','2020-03-15 18:38:03'),(44,1,6,'你好','2020-03-16 12:13:20'),(45,1,19,'在大落水客运站每天有两班车发往丽江，分别是8:30和9:00，单程100元，车程8小时左右。','2020-03-20 16:02:40'),(46,3,19,'建议返回丽江古城住宿，五一街是一条充满小资情调的街巷，各种特色小店、咖啡吧、文艺气息浓郁，建议选择该区域入住。','2020-03-20 16:03:08'),(49,1,29,'你好,AOP测试成功','2020-03-28 10:09:08'),(50,2,23,'今日午饭需自带干粮在普达措国家公园解决，晚饭回到独克宗古城解决。','2020-03-28 13:55:06'),(51,1,1,'系统日志测试','2020-03-28 16:58:12'),(52,1,1,'在大落水客运站每天有两班车发往丽江，分别是8:30和9:00，单程100元，车程8小时左右。','2020-03-29 17:18:38'),(53,1,35,'在大落水客运站每天有两班车发往丽江，分别是8:30和9:00，单程100元，车程8小时左右。','2020-03-31 22:22:22'),(54,2,35,'今日午饭需自带干粮在普达措国家公园解决，晚饭回到独克宗古城解决。','2020-03-31 22:23:07'),(55,3,35,'芝麻开花连锁芝麻开门客栈位于古城五一街，近四方街，地理位置优越，出行非常方便。客栈是非常典型的木式建筑，门前小桥流水潺潺，让你充分体会古城流水人家的韵味。','2020-03-31 22:23:28'),(56,1,17,'里格地理位置独特，这里的房间窗下即是湖水，建议选择该区域入住。','2020-04-02 23:00:37'),(57,1,21,'由泸沽湖返回丽江，可以继续乘坐旅游专线车，每天8:30出发，9:00到达大落水接人，车程约7小时。如果确定返回时乘坐旅游专线，可以在到达泸沽湖时就与司机确定回程的车票。','2020-04-15 09:25:14'),(58,2,21,'晚上返回继续返回香格里拉独克宗古城区域住宿，这里多为一些民居式客栈，价格比较便宜，住宿环境也好。','2020-04-15 09:26:10'),(59,3,21,'芝麻开花连锁芝麻开门客栈位于古城五一街，近四方街，地理位置优越，出行非常方便。客栈是非常典型的木式建筑，门前小桥流水潺潺，让你充分体会古城流水人家的韵味。','2020-04-15 09:27:13');

/*Table structure for table `orders` */

DROP TABLE IF EXISTS `orders`;

CREATE TABLE `orders` (
  `id` int(11) NOT NULL AUTO_INCREMENT,
  `orderNum` varchar(50) NOT NULL,
  `routeId` int(11) NOT NULL,
  `userId` int(11) NOT NULL,
  `orderTime` datetime DEFAULT NULL,
  `reserveTime` date NOT NULL,
  `adult` int(11) NOT NULL,
  `child` int(11) NOT NULL,
  `totalPrice` double NOT NULL,
  `orderStatus` int(11) NOT NULL DEFAULT '0',
  `payType` int(11) NOT NULL DEFAULT '0',
  PRIMARY KEY (`id`),
  UNIQUE KEY `orderNum` (`orderNum`),
  KEY `routeId` (`routeId`),
  KEY `userId` (`userId`),
  CONSTRAINT `orders_ibfk_1` FOREIGN KEY (`routeId`) REFERENCES `route` (`id`),
  CONSTRAINT `orders_ibfk_2` FOREIGN KEY (`userId`) REFERENCES `user` (`id`)
) ENGINE=InnoDB AUTO_INCREMENT=46 DEFAULT CHARSET=utf8;

/*Data for the table `orders` */

insert  into `orders`(`id`,`orderNum`,`routeId`,`userId`,`orderTime`,`reserveTime`,`adult`,`child`,`totalPrice`,`orderStatus`,`payType`) values (1,'beb77e0e9c72406792afe02b4079b26e',1,1,'2020-03-04 16:47:17','2020-03-05',1,0,5999,0,0),(2,'e58aa8a0009b48b7aab4d1031e176590',1,1,'2020-03-04 16:45:21','2020-03-05',1,0,5999,0,0),(3,'1c5546f30f4f4a12867f9575de697529',1,1,'2020-03-04 16:49:12','2020-03-05',2,0,11998,0,0),(4,'c84dee11c6994ef69105e354208675e2',1,1,'2020-03-04 17:02:13','2020-03-06',2,1,14997.5,0,0),(5,'b4da6816a1ef4ed4b31f4563d30088b9',1,1,'2020-03-04 17:44:42','2020-03-07',2,5,26995.5,0,0),(6,'8a5b529f797a4a3abf0896e09a4c2fda',1,2,'2020-03-04 17:47:15','2020-03-13',1,0,5999,0,0),(7,'9eb83b4e6df74853a8a9908087af9a92',1,1,'2020-03-04 18:01:14','2020-03-14',2,1,14997.5,0,0),(8,'b62ac082cbdc4486b773e39d51f9453f',1,1,'2020-03-04 18:04:50','2020-03-20',2,0,11998,0,0),(9,'c75d888273064cca830febf8e1a79d92',1,1,'2020-03-04 18:20:05','2020-03-20',1,0,5999,0,0),(10,'7fd95d6886ec4aa2b00aaa7450346879',1,1,'2020-03-04 18:24:55','2020-03-18',6,6,53991,0,0),(11,'b7d02ba6c9c44f6bb874d61d62c9ca1e',2,1,'2020-03-04 19:19:28','2020-03-20',1,1,7498.5,0,0),(12,'e45204d477d34f52804001a8e6e5394c',3,1,'2020-03-04 19:20:00','2020-03-11',3,0,11997,0,0),(13,'e6e4056f3d1848459c399fc77183e977',3,7,'2020-03-05 21:27:59','2020-03-25',5,5,29992.5,0,0),(14,'230bec818ce24c1cab1e866bf93521c9',1,23,'2020-03-07 19:29:22','2020-04-09',1,1,8998.5,0,0),(15,'fa3fe0d4cbb841c18d3cde260db848aa',2,12,'2020-03-10 10:00:50','2020-03-18',7,6,49990,0,0),(16,'6e3be2f27e664e73bfefd8310d89da1a',3,1,'2020-03-11 17:07:13','2020-04-16',1,0,3999,0,0),(17,'abf3c4e19f4045ea958067530a6b4b93',1,2,'2020-03-14 23:44:13','2021-01-15',3,5,43994.5,0,0),(18,'197a151ee25f44b8b441eedb98cd2fcb',1,9,'2020-03-20 15:58:51','2020-03-28',5,4,55993,0,0),(19,'630de57af8894f97892d27f5772dc57c',1,29,'2020-03-28 10:09:22','2020-03-29',1,0,7999,0,0),(20,'c1b0a50752f945bd800951d356126fde',1,1,'2020-03-29 17:19:05','2020-04-04',1,0,7999,0,0),(21,'cef7c47faebd46bcb5b4cb76146fb1a5',21,7,'2020-03-30 22:00:25','2020-04-02',1,0,6680,0,0),(22,'f43c9293b92d42748bd3ed3f9e3d3ae1',21,7,'2020-03-30 22:06:53','2020-04-02',1,0,6680,0,0),(23,'33f3da0e486d4eb8be9191fcc3b81a6a',9,7,'2020-03-30 22:25:22','2020-04-02',1,1,2202,0,0),(24,'4bcb16795556494ab9926437ff6fc22c',23,7,'2020-03-30 22:38:22','2020-04-03',1,0,2080,0,0),(25,'1323e4a0565a4840af4a58ade674e355',23,7,'2020-03-30 22:43:03','2020-04-02',1,0,2080,0,0),(26,'20a39dc436e643e2ab601dadb3f69e74',23,7,'2020-03-30 22:48:25','2020-04-02',1,0,2080,0,0),(27,'dabdf1294028485694c2c280c8dcb173',15,7,'2020-03-30 22:53:52','2020-04-02',1,0,1200,0,0),(28,'065f5271e08d46d5a8e7be834aeefae1',20,7,'2020-03-31 11:32:40','2020-03-31',1,0,8580,0,0),(29,'bba8b906361548f199171cbfb4610e7c',23,7,'2020-03-31 12:06:28','2020-04-03',1,0,2080,0,0),(30,'5b8633c99e89489f8d4491ee9663db93',27,7,'2020-03-31 12:10:07','2020-03-31',1,0,5903,0,0),(31,'c2cd86a8ea2c4a1cb50f4e5b91bab9ef',23,7,'2020-03-31 12:15:43','2020-03-31',1,0,2080,0,0),(32,'fccd9fed3d234b4293099a1f6cf1083c',15,7,'2020-03-31 12:26:00','2020-03-31',1,0,1200,0,0),(33,'dd80a0d7f65e42908a9ca797063966d1',26,7,'2020-03-31 12:33:06','2020-03-31',1,0,4620,0,0),(34,'65369e5e30434f17bfb3de10d24f00fa',23,7,'2020-03-31 15:24:55','2020-03-31',1,0,2080,0,0),(35,'4ba0a5e4ed0b47a8a529dad9b4996738',29,7,'2020-03-31 20:59:45','2020-03-31',1,0,5120,0,0),(36,'143de59eec71426eb9d3977fd7592f68',1,35,'2020-03-31 22:22:14','2020-03-31',1,0,7999,0,0),(37,'e79ba98109574a7dbecb8a3bce93109f',5,35,'2020-03-31 22:22:46','2020-03-31',1,0,1999,0,0),(38,'e3f23927ef3e4e1891caef2788ad51ed',2,35,'2020-03-31 22:22:58','2020-03-31',1,0,4999,0,0),(39,'f5b7b36167614aad92e1ae99b5f08711',3,35,'2020-03-31 22:23:21','2020-03-31',1,0,5999,0,0),(40,'9a609c1f87e3460db03b26aa47bca56d',6,20,'2020-04-14 20:00:51','2020-04-15',1,0,1200,0,0),(41,'e486702fba1d4f9e93e660bf9fe62227',3,20,'2020-04-14 20:01:21','2020-04-16',3,0,17997,0,0),(42,'6e8eac5c18004f638720ef0bff7a93a6',1,21,'2020-04-15 09:25:29','2020-04-15',1,0,7999,0,0),(43,'da4fedb5e3f048a6acd30d259904320f',2,21,'2020-04-15 09:26:26','2020-04-16',1,0,4999,0,0),(44,'5dfa819bd1524ca2b41973c3075a6a5d',3,21,'2020-04-15 09:26:53','2020-04-16',1,0,5999,0,0),(45,'4c7b745e2c2945658a33e1ab6713ca28',8,21,'2020-04-15 09:28:01','2020-04-15',1,0,888,0,0);

/*Table structure for table `role` */

DROP TABLE IF EXISTS `role`;

CREATE TABLE `role` (
  `id` int(11) NOT NULL AUTO_INCREMENT,
  `roleName` varchar(50) NOT NULL,
  `roleDesc` varchar(100) DEFAULT NULL,
  PRIMARY KEY (`id`),
  UNIQUE KEY `roleName` (`roleName`)
) ENGINE=InnoDB AUTO_INCREMENT=4 DEFAULT CHARSET=utf8;

/*Data for the table `role` */

insert  into `role`(`id`,`roleName`,`roleDesc`) values (1,'ADMIN','管理员，可以进行一切操作。'),(2,'VIP','会员，只能进行旅游网站的操作。'),(3,'USER','游客，只能看看旅游网站。');

/*Table structure for table `route` */

DROP TABLE IF EXISTS `route`;

CREATE TABLE `route` (
  `id` int(11) NOT NULL AUTO_INCREMENT,
  `num` varchar(50) NOT NULL,
  `name` varchar(50) NOT NULL,
  `price` double NOT NULL,
  `time` int(11) NOT NULL,
  `season` varchar(50) NOT NULL,
  `routeDesc` varchar(200) NOT NULL,
  `heat` int(11) DEFAULT '0',
  `status` int(11) NOT NULL,
  `href` varchar(100) NOT NULL,
  PRIMARY KEY (`id`),
  UNIQUE KEY `Num` (`num`),
  UNIQUE KEY `Name` (`name`),
  UNIQUE KEY `num_2` (`num`),
  UNIQUE KEY `name_2` (`name`)
) ENGINE=InnoDB AUTO_INCREMENT=33 DEFAULT CHARSET=utf8;

/*Data for the table `route` */

insert  into `route`(`id`,`num`,`name`,`price`,`time`,`season`,`routeDesc`,`heat`,`status`,`href`) values (1,'itcast-001','大理-丽江-泸沽湖9日路线',7999,9,'3-5','大理、丽江、泸沽湖、Mar、Apr、May',1314,1,'/travel/route/001'),(2,'itcast-002','丽江+香格里拉3日线路',4999,3,'5-6','丽江、香格里拉、May、Jun',1234,1,'/travel/route/002'),(3,'itcast-003','丽江+玉龙雪山4日线路',5999,4,'7-10','丽江、玉龙雪山、Jul、Aug、Sep、Oct',1208,1,'/travel/route/003'),(4,'itcast-004','大理3日线路',1888,3,'3-4','大理、Mar、Apr',666,0,''),(5,'itcast-005','泸沽湖经典三日游',1999,3,'3-10','泸沽湖、Mar、Apr、May、Jun、Jul、Aug、Sep、Oct',1033,0,''),(6,'itcast-006','丽江古城经典一日游',1200,1,'4-5','丽江古城、Apr、May',135,0,''),(7,'itcast-007','香格里拉经典二日游',1668,2,'5-6','香格里拉、May、Jun',512,0,''),(8,'itcast-008','洱海经典一日游',888,1,'3-5、9-11','洱海、Mar、Apr、May、Sep、Oct、Nov',512,0,''),(9,'itcast-009','泸沽湖经典二日游',1468,2,'3-10','泸沽湖、Mar、Apr、May、Jun、Jul、Aug、Sep、Oct',288,0,''),(10,'itcast-010','昆明4日城市经典路线',2899,5,'1-12','昆明、Jan、Feb、Mar、Apr、May、Jun、Jul、Aug、Sep、Oct、Nov、Dec',453,0,''),(11,'itcast-011','昆明经典1日游',1100,4,'3-5、12-2','昆明、May、Apr、May、Dec、Jan、Feb',751,0,''),(12,'itcast-012','泸沽湖经典一日游',789,1,'3-10','泸沽湖、Mar、Apr、May、Jun、Jul、Aug、Sep、Oct',558,0,''),(13,'itcast-013','石林经典一日游',689,1,'3-10','石林、Mar、Apr、May、Jun、Jul、Aug、Sep、Oct',258,0,''),(14,'itcast-014','香格里拉经典一日游',888,1,'5-6、9-10','香格里拉、May、Jun、Sep、Oct',378,0,''),(15,'itcast-015','大理经典1日游',1200,1,'3-5、9-11','大理、Mar、Apr、May、Sep、Oct、Nov',614,0,''),(16,'itcast-016','拉海市经典1日游',666,1,'1-12','拉海市、Jan、Feb、Mar、Apr、May、Jun、Jul、Aug、Sep、Oct、Nov、Dec',213,0,''),(19,'itcast-017','云南昆明+腾冲+瑞丽+芒市+腾冲热海风景区+姐告口岸6日5晚跟团游',2000,6,'1-12','昆明、腾冲、瑞丽、芒市、腾冲、Jan、Feb、Mar、Apr、May、Jun、Jul、Aug、Sep、Oct、Nov、Dec',0,0,''),(20,'itcast-018','云南昆明+腾冲+大理+丽江+香格里拉+泸沽湖+西双版纳13日12晚私家团',8580,13,'1-12','昆明+腾冲+大理+丽江+香格里拉+泸沽湖+西双版纳、Jan、Feb、Mar、Apr、May、Jun、Jul、Aug、Sep、Oct、Nov、Dec',0,0,''),(21,'itcast-019','云南昆明+腾冲+西双版纳7日6晚私家团',6680,7,'1-12','昆明+腾冲+西双版纳、Jan、Feb、Mar、Apr、May、Jun、Jul、Aug、Sep、Oct、Nov、Dec',0,0,''),(22,'itcast-020','云南昆明+大理+丽江+洱海6日5晚跟团游',2840,6,'1-12','云南昆明+大理+丽江+洱海、石林、Jan、Feb、Mar、Apr、May、Jun、Jul、Aug、Sep、Oct、Nov、Dec',0,0,''),(23,'itcast-021','云南昆明+丽江+大理+洱海+玉龙雪山6日5晚跟团游',2080,6,'1-12','昆明+丽江+大理+洱海+玉龙雪山、Jan、Feb、Mar、Apr、May、Jun、Jul、Aug、Sep、Oct、Nov、Dec',0,0,''),(24,'itcast-022','云南昆明+大理+丽江6日5晚跟团游',3470,6,'1-12','昆明+大理+丽江、石林、洱海、Jan、Feb、Mar、Apr、May、Jun、Jul、Aug、Sep、Oct、Nov、Dec',0,0,''),(25,'itcast-023','云南昆明+泸沽湖3日2晚跟团游',2580,3,'1-12','昆明+泸沽湖、Jan、Feb、Mar、Apr、May、Jun、Jul、Aug、Sep、Oct、Nov、Dec',0,0,''),(26,'itcast-024','云南昆明+石林+九乡+大理+双廊镇+丽江+香格里拉+泸沽湖+西双版纳14日13晚跟团游',4620,14,'1-12','昆明+石林+九乡+大理+双廊镇+丽江+香格里拉+泸沽湖+西双版纳、Jan、Feb、Mar、Apr、May、Jun、Jul、Aug、Sep、Oct、Nov、Dec',0,0,''),(27,'itcast-025','云南丽江+大理+洱海+双廊镇+玉龙雪山5日4晚私家团',5903,5,'1-12','丽江+大理+洱海+双廊镇+玉龙雪山、Jan、Feb、Mar、Apr、May、Jun、Jul、Aug、Sep、Oct、Nov、Dec',0,0,''),(28,'itcast-026','云南昆明+西双版纳+丽江+大理+香格里拉+泸沽湖+玉龙雪山11日10晚私家团',7080,11,'1-12','昆明+西双版纳+丽江+大理+香格里拉+泸沽湖+玉龙雪山、Jan、Feb、Mar、Apr、May、Jun、Jul、Aug、Sep、Oct、Nov、Dec',0,0,''),(29,'itcast-027','云南昆明+丽江+大理+泸沽湖+洱海7日6晚',5120,7,'1-12','昆明+丽江+大理+泸沽湖+洱海、Jan、Feb、Mar、Apr、May、Jun、Jul、Aug、Sep、Oct、Nov、Dec',0,0,''),(30,'itcast-028','云南丽江+大理+泸沽湖+冰川公园+环洱海旅拍7日6晚私家团',10458,7,'1-12','丽江+大理+泸沽湖+冰川公园+洱海、Jan、Feb、Mar、Apr、May、Jun、Jul、Aug、Sep、Oct、Nov、Dec',0,0,''),(31,'itcast-029','丽江+泸沽湖+大理+玉龙雪山6日5晚私家团',4843,6,'1-12','丽江+泸沽湖+大理+玉龙雪山、Jan、Feb、Mar、Apr、May、Jun、Jul、Aug、Sep、Oct、Nov、Dec',0,0,''),(32,'itcast-030','云南丽江+大理+香格里拉+双廊镇+洱海7日6晚私家团',7219,7,'1-12','丽江+大理+香格里拉+双廊镇+洱海',0,0,'');

/*Table structure for table `rp` */

DROP TABLE IF EXISTS `rp`;

CREATE TABLE `rp` (
  `rid` int(11) NOT NULL,
  `url` varchar(100) NOT NULL,
  PRIMARY KEY (`rid`,`url`),
  CONSTRAINT `rp_ibfk_1` FOREIGN KEY (`rid`) REFERENCES `route` (`id`)
) ENGINE=InnoDB DEFAULT CHARSET=utf8;

/*Data for the table `rp` */

insert  into `rp`(`rid`,`url`) values (1,'../../images/rp/923cb45ae8274072a678ba14c14f4a941586936757202.jpg'),(1,'../../images/rp/b8e1f41e2c7e4c33836539b4c7b18c291585550235199.jpg'),(1,'../../images/rp/c38546d46da34fd5937dd991df1315a01585550205068.jpg'),(1,'../../images/rp/f2b46c4b30c448f68b66207089bdc5dc1585550244645.jpg'),(2,'../../images/rp/65bcabcff1b94d34a23496bcc7f548921585550322406.jpg'),(2,'../../images/rp/f5d9eed89e334d3da9cf4f43fc6e4f921585550306266.jpeg'),(3,'../../images/rp/1f752c05b0e94e76b9d316f807c0b4371585550455173.jpg'),(3,'../../images/rp/3ba40d2ae1504289a37882174a15ec9d1585550421642.jpg'),(3,'../../images/rp/794103775f3942988321398d8bbb28471585550446001.jpg'),(3,'../../images/rp/a65717501e4549688c0ba7dd11d99a8b1585550433313.jpg'),(4,'../../images/rp/51c038b3ec7449bebf9cebc2e2cf134e1585550566386.jpg'),(4,'../../images/rp/5795f20d0b7b4cc7b2de31b9d5beb3141585550583071.jpg'),(4,'../../images/rp/f2bc1166c65948f5bbf0bf9e82645ab21585550557450.jpg'),(4,'../../images/rp/fd48aeb61f5d47e4beee40621bf61d661585550575168.jpg'),(5,'../../images/rp/1e190c31473040d4981edd410d66fa5c1585550648243.jpg'),(5,'../../images/rp/a1742eacce484ae8b0c918a92d962bbd1585550633874.jpg'),(5,'../../images/rp/d46699881e704531b87a0623b9cde4a61585550640346.jpg'),(5,'../../images/rp/e8f0fe18668f4c01958ed1b7078d00751585550620104.jpg'),(6,'../../images/rp/1ba0f1edf48745b2ac43020aae93fb8c1585550717304.jpg'),(6,'../../images/rp/a2c6f51f7b2d4fc7b1dde56c6cbbfe4c1585550690805.jpg'),(6,'../../images/rp/e8d92910c14b470d9ff8e25a2c983ffb1585550701780.jpg'),(6,'../../images/rp/fac448efa9a649b18705ec1cd8c90d871585550728911.jpg'),(7,'../../images/rp/03cc7cfd72a24a449f031b545d6dc5a21585550774059.jpg'),(7,'../../images/rp/8fd2a2ae07744096907123a74c4246b81585550780055.jpg'),(7,'../../images/rp/b3a48f70153c473d85ac31f358527d571585550786191.jpg'),(7,'../../images/rp/d65f606dea3b4488a1c4bf0cdd4514581585550765338.jpg'),(8,'../../images/rp/2495b882bde5474aa90192d41b61c46c1585550826408.jpg'),(8,'../../images/rp/56c8041c25d54707bbcc1f624cbb42d91585550849718.jpg'),(8,'../../images/rp/d8d12781084e4ed192240e4783aaca631585550835742.jpg'),(8,'../../images/rp/ee0889f28f0f49ebb8e9ebe8211d19161585550843179.jpg'),(9,'../../images/rp/144a934087a741a091e7695305191b4e1585550984870.jpg'),(9,'../../images/rp/a53d752ff76049deb8d008ee9ec1f8e01585550942812.jpg'),(9,'../../images/rp/aae3851adf794aa5b06f187eadf481031585550993175.jpg'),(9,'../../images/rp/c5c2426b17564b22b45067c1dc406df21585550970983.jpg'),(10,'../../images/rp/07ad9eb61b1b4dbca79574d66f984d721585551044355.jpg'),(10,'../../images/rp/343a6e443a314b97a0b9d737d986d4611585551036343.jpg'),(10,'../../images/rp/55bf3be970144109912e3c53dd9bf5721585551020063.jpg'),(10,'../../images/rp/58429ffce0aa4bbf93286ceaee23b5d31585551028192.jpg'),(11,'../../images/rp/1db43af35b6e4097b6a67b0404b59a281585551084028.jpg'),(11,'../../images/rp/4a7da6919755443bb040e039f53d838f1585551092600.jpg'),(11,'../../images/rp/a6673b9a1bf44c72bce7a4a0ae20f8e31585551099538.jpg'),(11,'../../images/rp/d32ef49601454c9ea7669269bdabfcd21585551077057.jpg'),(12,'../../images/rp/158440bd5a6c457b9a588836251881d91585551138664.jpg'),(12,'../../images/rp/27336b610c7c4f6ca362d4bbf1322c0b1585551118663.jpg'),(12,'../../images/rp/8f18dfae434441b5b350bf7124fbad731585551147008.jpg'),(12,'../../images/rp/d4377661cf2e422f8c524f02613faa7b1585551126937.jpg'),(13,'../../images/rp/871d35ca30444a36b5f89bca897f3f471585551172486.jpg'),(13,'../../images/rp/d765521b3d054e50be2edfbd0f635c2c1585551165175.jpg'),(14,'../../images/rp/a9055f872e6a4e6bbdd5103010a502731585551214168.jpg'),(14,'../../images/rp/c73cc7d0ffcb46c0892afd9cf004035b1585551194876.jpg'),(14,'../../images/rp/e3a627cd0b164b3c90691726948d0cab1585551206711.jpg'),(14,'../../images/rp/f74607213c0f4538bde8bab7db981add1585551187444.jpg'),(15,'../../images/rp/b324d26ab97046f48f34586a4f469f761585551254179.jpg'),(15,'../../images/rp/d59c39b7a3e44794b16e215f573d7a1b1585551235675.jpg'),(15,'../../images/rp/f84ebd4d4d6b4aa2b9db71cf83f5a7321585551262077.jpg'),(15,'../../images/rp/fc3f3c3085e442508000227c2e50194c1585551247849.jpg'),(16,'../../images/rp/9ec2389220c24484a9b1c0d13b8425391585551276702.jpg'),(16,'../../images/rp/ba49655358be415299fd750fd8ba21701585551282060.jpg'),(19,'../../images/rp/08aecaec6e0b49ff984b2978d2a09d4e1585551352648.png'),(19,'../../images/rp/603976263d3b46a197b917b8948acb281585551376525.png'),(19,'../../images/rp/94f838da2e3349abb85e458d6785f1551585551340812.png'),(19,'../../images/rp/de095eab316446f28731642e774957531585551365660.png'),(20,'../../images/rp/170397f992ba43d8a9ded61ce298c82d1585552720594.png'),(20,'../../images/rp/81c113aa55f64b0d888f99fc82fc58bb1585552726559.png'),(20,'../../images/rp/adfad23c58b44d3ba7a8497471a4d5ff1585552732775.png'),(20,'../../images/rp/d12b5550866940f5877a2fd1d2884fd71585552713142.png'),(21,'../../images/rp/439b6577f966417eb6dcc588f154d41b1585552905177.png'),(21,'../../images/rp/4fd7c3ab2b7d4f96bf2843e798715c631585552898574.png'),(21,'../../images/rp/a32f8aa2e0ca4c36aad6baf7e5526c401585552882595.png'),(21,'../../images/rp/f029cdaa0d2f4b9db64eef71409c616a1585552892633.png'),(22,'../../images/rp/38f6e74bd44f461a9551df27be832aaa1585553157179.png'),(22,'../../images/rp/927b7dc82446419fa22e304f1807ff631585553152003.png'),(22,'../../images/rp/b7720501fb7e43f6b174a003802c4d731585553145477.png'),(22,'../../images/rp/ca4d7270db224a03b880c03afd9873a41585553163089.png'),(23,'../../images/rp/a6d39b822a7a4275b6978a66b066e4351585553444667.png'),(23,'../../images/rp/bdbf858ccc774025ad45e353cec2369b1585553438425.png'),(23,'../../images/rp/c63cf311967c46fe81cbb1a5431bd6aa1585553452728.png'),(23,'../../images/rp/fa001368ab244c39b5c27b5f0e99288a1585553421674.png'),(24,'../../images/rp/0a1118d57c2f4f10bc991608ba78a4c41585553812791.png'),(24,'../../images/rp/13449839f3394fd89ba7f08665ed50a01585553792340.png'),(24,'../../images/rp/b052d780c0d84c2d9382ebd2704bf40d1585553821530.png'),(24,'../../images/rp/dde94af257a5446aa9104f8c7b6530351585553805096.png'),(25,'../../images/rp/0fa15b2bfade4758a14609a0da1be07d1585554056083.png'),(26,'../../images/rp/2c619d9597c54ca9b69c215632cb5b9b1585554340125.png'),(26,'../../images/rp/2d10236944504ab4a247ca3e02a687141585554357825.png'),(26,'../../images/rp/32d8d70a7b134a3691b590af238b6ac61585554363407.png'),(26,'../../images/rp/87f57afeb2764542b304fbd76e4721851585554350249.png'),(27,'../../images/rp/4826b9117650407b9398b86da93db70f1585554708288.png'),(27,'../../images/rp/65192c872cc2448aa945f59f3451cd0b1585554686425.png'),(27,'../../images/rp/7fdacc38abdc4c9a9b4376a6eaa8e6521585554702804.png'),(27,'../../images/rp/ebfbd35b8e5b4f52859307c1806114871585554696402.png'),(28,'../../images/rp/206b3865ba614a6d967902f0431c0dc21585555060780.png'),(28,'../../images/rp/a8ab3a0cad464bb195d497c7d96a556d1585555078454.png'),(28,'../../images/rp/f0c46fd1e7fa4d6286e9238113a3ab121585555072919.png'),(28,'../../images/rp/f17df7caae024e1d83455c49e82344d21585555038715.png'),(29,'../../images/rp/0aa20ede9b1b4dee95ed0795eedc314a1585555333715.png'),(29,'../../images/rp/2827d2f66b3a4b64941f5f85ba14fec91585555358611.png'),(29,'../../images/rp/4a72b0e7c7034ff5bc47c72f423a389c1585555352681.png'),(29,'../../images/rp/5c509ebe5e7b4c1abb78eae84cf0fb581585555347861.png'),(30,'../../images/rp/ba18b9b7bfe74ca49e794388e894c3be1585555509349.png'),(31,'../../images/rp/39ad069e6b584d12a3d122910513791d1585555797818.png'),(31,'../../images/rp/aac91920bd574fbbb7f0ab5c5a4b270f1585555809898.png'),(31,'../../images/rp/c0f6a6bf7dc34e1f91145bf2db516ee31585555804578.png'),(31,'../../images/rp/e6a66d0d73cc470e80f126b7659704341585555788692.png'),(32,'../../images/rp/568c4e36c6da46ea8f62f47c171a42551585556501161.png'),(32,'../../images/rp/7bb3aee6799e4b73a66a463f91532abb1585556467415.png'),(32,'../../images/rp/c2322148a2b04a0abe517ed593e8dd161585556476436.png'),(32,'../../images/rp/f0381b7be2f94fac8df9f7591805e4581585556494187.png');

/*Table structure for table `scenery` */

DROP TABLE IF EXISTS `scenery`;

CREATE TABLE `scenery` (
  `id` int(11) NOT NULL AUTO_INCREMENT,
  `name` varchar(50) NOT NULL,
  `location` varchar(50) NOT NULL,
  `level` varchar(50) NOT NULL,
  `openTime` date NOT NULL,
  `price` float NOT NULL,
  `url` varchar(100) DEFAULT NULL,
  `destId` int(11) NOT NULL,
  PRIMARY KEY (`id`),
  UNIQUE KEY `name` (`name`),
  KEY `destId` (`destId`),
  CONSTRAINT `scenery_ibfk_1` FOREIGN KEY (`destId`) REFERENCES `destination` (`id`)
) ENGINE=InnoDB AUTO_INCREMENT=34 DEFAULT CHARSET=utf8;

/*Data for the table `scenery` */

insert  into `scenery`(`id`,`name`,`location`,`level`,`openTime`,`price`,`url`,`destId`) values (1,'丽江古城','丽江市古城区大研古城','AAAAA景区','2020-01-01',10.56,'../../images/scenery/75bd70ef61e9460cac6ee995814a776a1584597055743.jpg',1),(2,'玉龙雪山','丽江市玉龙县丽江古城以北15公里处','AAAAA景区','2020-01-01',10,'../../images/scenery/a024dec716b349ee9a62176e4690f40a1584597329125.jpg',1),(3,'木府','丽江市古城区大研镇关义街院巷49号','AAAA景区','2020-01-01',10,'../../images/scenery/cd783e996ff94544a3d6543aaef7e6971584597529255.jpg',1),(4,'拉市海','拉市海海景区安尚村','AAA景区','2020-01-01',10,'../../images/scenery/bd5fbb37626b4ce9a20dd6f483f78de41584597556051.jpg',1),(5,'束河古镇','丽江市古城区大研古城','AAA景区','2020-01-01',10,'../../images/scenery/197800835a664b1cb8cd3457f9643af91584597576566.jpg',1),(6,'石林','昆明市石林彝族自治县石林中路延长线','AAAAA景区','2020-01-01',10,'../../images/scenery/dbc2f5ad30c64cdba90863aafce04d691584597636051.jpg',2),(7,'滇池','昆明市西山区滇池路1318号','','2020-01-01',10,'../../images/scenery/40fb3dfbe9904096b72479a7e4388da41584597669049.jpg',2),(8,'云南民族村','昆明市西山区滇池路1310号','AAAA景区','2020-01-01',10,'../../images/scenery/7f5b1adc604f46019d229392b147aefb1584597682496.jpg',2),(9,'九乡','昆明市宜良县九乡彝族回族乡境内','AAAA景区','2020-01-01',12,'../../images/scenery/ead01202e46b45cbb6b0f23984ab2bdc1584597694038.jpg',2),(10,'翠湖公园','昆明市五华区崔湖南路67号','','2020-01-01',10,'../../images/scenery/86a5effb7ce049049cbd5055a125989b1584597706644.jpg',2),(11,'洱海','大理州大理市下关洱河南路1号','','2020-01-01',10,'../../images/scenery/fba4caff04ed4c219a9da8ae4bc209701584597831754.jpg',3),(12,'大理古城','大理市一塔路42号','AAAA级景区','2020-01-01',10,'../../images/scenery/fb10c6d85de748e0a543d03ed3cde4f81584597842603.jpg',3),(13,'苍山','大理白族自治州大理市大理古城西隐仙路','','2020-01-01',10,'../../images/scenery/2e1004371c624afe866b5204189635531584597860647.jpg',3),(14,'双廊','大理白族自治州大理市洱源县','AAA景区','2020-01-01',10,'../../images/scenery/c6af38676e2048bd9ff6c3f5959e302a1584597888998.jpg',3),(15,'崇圣寺三塔文化旅游区','大理市大理古城北郊崇圣寺三塔文化旅游区内','AAAAA级景区','2020-01-01',10,'../../images/scenery/58681473ce944533806508f8bad741cd1584597978395.jpg',3),(16,'曼听公园','云南省西双版纳傣族自治州景洪市曼听路35号','AAAA级景区','2020-01-01',10,'../../images/scenery/42542e50de22472babdc12057202bebd1584598101234.jpg',4),(17,'野象谷','景洪市勐养镇三岔河距景洪市36公里','AAAA级景区','2020-01-01',10,'../../images/scenery/3de28d52a12c49d2b4e78bc19ba9aacc1584598150852.jpg',4),(18,'中科院西双版纳热带植物园','西双版纳州勐腊县勐仑镇中国科学院西双版纳热带植物园景区','AAAAA级景区','2020-01-01',10,'../../images/scenery/3063716e035b47e79da12a478601b36f1584598160145.jpg',4),(19,'西双版纳原始森林公园','西双版纳傣族自治州距景洪市郊8公里','AAAA级景区','2020-01-01',10,'../../images/scenery/da88f0bffaf845c1b55b8b0218ef458c1584598172618.jpg',4),(20,'基诺山寨','西双版纳傣族自治州景洪市基诺乡基诺山寨景区','','2020-01-01',10,'../../images/scenery/aed9685391034d18a6e0dea08d2770231584598184622.jpg',4),(21,'香格里拉','迪庆藏族自治州香格里拉市','AAAAA级景区','2020-01-01',100,'../../images/scenery/58473054580441a2b8bc325beaaf2c9d1584598410621.jpg',5),(22,'普达措国家公园','迪庆藏族自治州香格里拉市建塘镇普达措国家公园','AAAAA级景区','2020-01-01',10,'../../images/scenery/c69294b49a1943618b72b6e7b843610b1584598420637.jpg',5),(23,'虎跳峡','迪庆州香格里拉县虎跳峡镇','','2020-01-01',10,'../../images/scenery/2138127c1b5d4f04ac3a2d248db20cff1584598432847.jpg',5),(24,'独克宗古城','迪庆州香格里拉市康珠大道','','2020-01-01',10,'../../images/scenery/b18e0c723fcf48ab8399a1f7499739641584598445453.jpg',5),(25,'香格里拉巴拉格总风景名胜区','迪庆藏族自治州香格里拉市尼西乡巴拉社','','2020-01-01',10,'../../images/scenery/f56050fee615450c9e48b68cf9a837021584598543931.jpg',5),(26,'和顺古镇','保山市腾冲县和顺镇','AAAA级景区','2020-01-01',100,'../../images/scenery/23e2455f178946bc8f44f24911dd981d1584598661134.jpg',6),(27,'腾冲热海风景区','保山市腾冲市热海风景区','AAAAA级景区','2020-01-01',10,'../../images/scenery/2b0095c8207f407fb93bb0871e37b6d11584598671590.jpg',6),(28,'北海湿地','腾冲县北海乡双海村北海湿地景区','','2020-01-01',10,'../../images/scenery/4f3da6aea2794209ab36029e08ff1a771584598681129.jpg',6),(29,'国殇墓园','腾冲市腾越镇天成社区太极小区2号','','2020-01-01',10,'../../images/scenery/cb89318a62974a2989166e236fd545721584598693197.jpg',6),(30,'火山地热国家地质公园','保山市腾冲县马站乡（近曲石乡）','','2020-01-01',10,'../../images/scenery/543037e5d2364e72ae79113565eb20721584598704402.jpg',6),(33,'泸沽湖国家级风景名胜区','泸沽湖为川滇两省界湖','AAAAA景区','2020-03-31',100,'../../images/scenery/393b93f314c64204a73db5bee3228ae11585648655734.jpeg',1);

/*Table structure for table `syslog` */

DROP TABLE IF EXISTS `syslog`;

CREATE TABLE `syslog` (
  `id` int(11) NOT NULL AUTO_INCREMENT,
  `requestServletPath` varchar(50) DEFAULT NULL,
  `requestRemoteAddr` varchar(20) DEFAULT NULL,
  `requestUsername` varchar(20) DEFAULT NULL,
  `requestMethod` varchar(10) DEFAULT NULL,
  `requestQueryString` varchar(50) DEFAULT NULL,
  `createTime` datetime NOT NULL,
  PRIMARY KEY (`id`)
) ENGINE=InnoDB AUTO_INCREMENT=239 DEFAULT CHARSET=utf8;

/*Data for the table `syslog` */

insert  into `syslog`(`id`,`requestServletPath`,`requestRemoteAddr`,`requestUsername`,`requestMethod`,`requestQueryString`,`createTime`) values (1,'/travel/user/homepage','0:0:0:0:0:0:0:1','daihui','GET','','2020-03-28 15:25:33'),(2,'/travel/user/orders','0:0:0:0:0:0:0:1','daihui','GET','page=1&size=5','2020-03-28 16:51:14'),(3,'/travel/user/homepage','0:0:0:0:0:0:0:1','daihui','GET','','2020-03-28 16:51:46'),(4,'/travel/user/leaveWord.ajax','0:0:0:0:0:0:0:1','daihui','POST','','2020-03-28 16:58:12'),(5,'/travel/user/homepage','0:0:0:0:0:0:0:1','daihui','GET','','2020-03-28 22:05:00'),(6,'/travel/user/homepage','0:0:0:0:0:0:0:1','daihui','GET','','2020-03-28 22:05:15'),(7,'/travel/user/orders','0:0:0:0:0:0:0:1','daihui','GET','page=1&size=5','2020-03-28 22:05:19'),(8,'/travel/user/bookhotels','0:0:0:0:0:0:0:1','daihui','GET','page=1&size=5','2020-03-28 22:05:25'),(9,'/travel/user/homepage','0:0:0:0:0:0:0:1','daihui','GET','','2020-03-28 22:05:29'),(10,'/travel/user/homepage','0:0:0:0:0:0:0:1','daihui','GET','','2020-03-29 17:17:39'),(11,'/travel/user/perfect.ajax','0:0:0:0:0:0:0:1','daihui','POST','','2020-03-29 17:17:46'),(12,'/travel/user/homepage','0:0:0:0:0:0:0:1','daihui','GET','','2020-03-29 17:17:47'),(13,'/travel/user/orders','0:0:0:0:0:0:0:1','daihui','GET','page=1&size=5','2020-03-29 17:18:04'),(14,'/travel/user/bookhotels','0:0:0:0:0:0:0:1','daihui','GET','page=1&size=5','2020-03-29 17:18:14'),(15,'/travel/user/homepage','0:0:0:0:0:0:0:1','daihui','GET','','2020-03-29 17:18:23'),(16,'/travel/user/leaveWord.ajax','0:0:0:0:0:0:0:1','daihui','POST','','2020-03-29 17:18:38'),(17,'/travel/user/order.ajax','0:0:0:0:0:0:0:1','daihui','POST','','2020-03-29 17:19:05'),(18,'/travel/user/orders','0:0:0:0:0:0:0:1','daihui','GET','page=1&size=5','2020-03-29 17:19:08'),(19,'/travel/user/bookHotel.ajax','0:0:0:0:0:0:0:1','daihui','POST','','2020-03-29 17:20:28'),(20,'/travel/user/bookhotels','0:0:0:0:0:0:0:1','daihui','GET','page=1&size=5','2020-03-29 17:20:32'),(21,'/travel/user/addFreeWalkOrder','0:0:0:0:0:0:0:1','test08','GET','routeId=20','2020-03-30 20:49:35'),(22,'/travel/user/addFreeWalkOrder','0:0:0:0:0:0:0:1','test12','GET','routeId=23','2020-03-30 20:53:40'),(23,'/travel/user/addFreeWalkOrder','0:0:0:0:0:0:0:1','test12','GET','routeId=23','2020-03-30 20:53:55'),(24,'/travel/user/addFreeWalkOrder','0:0:0:0:0:0:0:1','test08','GET','routeId=4','2020-03-30 21:04:24'),(25,'/travel/user/addFreeWalkOrder','0:0:0:0:0:0:0:1','test08','GET','routeId=4','2020-03-30 21:05:03'),(26,'/travel/user/addFreeWalkOrder','0:0:0:0:0:0:0:1','test08','GET','routeId=5','2020-03-30 21:05:15'),(27,'/travel/user/addFreeWalkOrder','0:0:0:0:0:0:0:1','test08','GET','routeId=4','2020-03-30 21:05:21'),(28,'/travel/user/addFreeWalkOrder','0:0:0:0:0:0:0:1','test14','GET','routeId=4','2020-03-30 21:14:36'),(29,'/travel/user/addFreeWalkOrder','0:0:0:0:0:0:0:1','test14','GET','routeId=4','2020-03-30 21:15:30'),(30,'/travel/user/addFreeWalkOrder','0:0:0:0:0:0:0:1','test06','GET','routeId=7','2020-03-30 21:28:44'),(31,'/travel/user/addFreeWalkOrder','0:0:0:0:0:0:0:1','test06','GET','routeId=7','2020-03-30 21:29:08'),(32,'/travel/user/addFreeWalkOrder','0:0:0:0:0:0:0:1','test05','GET','routeId=9','2020-03-30 21:46:59'),(33,'/travel/user/addFreeWalkOrder','0:0:0:0:0:0:0:1','test03','GET','routeId=21','2020-03-30 22:00:11'),(34,'/travel/user/addFreeWalkOrder.ajax','0:0:0:0:0:0:0:1','test03','POST','','2020-03-30 22:00:25'),(35,'/travel/user/addFreeWalkOrder','0:0:0:0:0:0:0:1','test03','GET','routeId=21','2020-03-30 22:06:36'),(36,'/travel/user/addFreeWalkOrder.ajax','0:0:0:0:0:0:0:1','test03','POST','','2020-03-30 22:06:53'),(37,'/travel/user/addFreeWalkOrder','0:0:0:0:0:0:0:1','test03','GET','routeId=9','2020-03-30 22:24:59'),(38,'/travel/user/addFreeWalkOrder.ajax','0:0:0:0:0:0:0:1','test03','POST','','2020-03-30 22:25:22'),(39,'/travel/user/addFreeWalkOrder','0:0:0:0:0:0:0:1','test03','GET','routeId=23','2020-03-30 22:38:12'),(40,'/travel/user/addFreeWalkOrder.ajax','0:0:0:0:0:0:0:1','test03','POST','','2020-03-30 22:38:22'),(41,'/travel/user/addFreeWalkOrder','0:0:0:0:0:0:0:1','test03','GET','routeId=23','2020-03-30 22:42:50'),(42,'/travel/user/addFreeWalkOrder.ajax','0:0:0:0:0:0:0:1','test03','POST','','2020-03-30 22:43:03'),(43,'/travel/user/addFreeWalkOrder','0:0:0:0:0:0:0:1','test03','GET','routeId=23','2020-03-30 22:48:16'),(44,'/travel/user/addFreeWalkOrder.ajax','0:0:0:0:0:0:0:1','test03','POST','','2020-03-30 22:48:25'),(45,'/travel/user/addFreeWalkOrder','0:0:0:0:0:0:0:1','test03','GET','routeId=15','2020-03-30 22:53:42'),(46,'/travel/user/addFreeWalkOrder.ajax','0:0:0:0:0:0:0:1','test03','POST','','2020-03-30 22:53:53'),(47,'/travel/user/addFreeWalkOrder','0:0:0:0:0:0:0:1','test03','GET','routeId=20','2020-03-31 11:32:29'),(48,'/travel/user/addFreeWalkOrder.ajax','0:0:0:0:0:0:0:1','test03','POST','','2020-03-31 11:32:41'),(49,'/travel/user/addFreeWalkOrder','0:0:0:0:0:0:0:1','test03','GET','routeId=23','2020-03-31 12:06:06'),(50,'/travel/user/addFreeWalkOrder.ajax','0:0:0:0:0:0:0:1','test03','POST','','2020-03-31 12:06:28'),(51,'/travel/user/addFreeWalkOrder','0:0:0:0:0:0:0:1','test03','GET','routeId=27','2020-03-31 12:09:45'),(52,'/travel/user/addFreeWalkOrder.ajax','0:0:0:0:0:0:0:1','test03','POST','','2020-03-31 12:10:07'),(53,'/travel/user/orders','0:0:0:0:0:0:0:1','test03','GET','page=1&size=5','2020-03-31 12:15:01'),(54,'/travel/user/addFreeWalkOrder','0:0:0:0:0:0:0:1','test03','GET','routeId=23','2020-03-31 12:15:23'),(55,'/travel/user/addFreeWalkOrder','0:0:0:0:0:0:0:1','test03','GET','routeId=23','2020-03-31 12:15:34'),(56,'/travel/user/addFreeWalkOrder.ajax','0:0:0:0:0:0:0:1','test03','POST','','2020-03-31 12:15:43'),(57,'/travel/user/addFreeWalkOrder','0:0:0:0:0:0:0:1','test03','GET','routeId=15','2020-03-31 12:25:50'),(58,'/travel/user/addFreeWalkOrder.ajax','0:0:0:0:0:0:0:1','test03','POST','','2020-03-31 12:26:00'),(59,'/travel/user/addFreeWalkOrder','0:0:0:0:0:0:0:1','test03','GET','routeId=26','2020-03-31 12:32:45'),(60,'/travel/user/addFreeWalkOrder.ajax','0:0:0:0:0:0:0:1','test03','POST','','2020-03-31 12:33:06'),(61,'/travel/user/orders','0:0:0:0:0:0:0:1','test03','GET','page=1&size=5','2020-03-31 12:33:57'),(62,'/travel/user/homepage','0:0:0:0:0:0:0:1','test03','GET','','2020-03-31 12:34:04'),(63,'/travel/user/addFreeWalkOrder','0:0:0:0:0:0:0:1','test03','GET','routeId=23','2020-03-31 15:24:41'),(64,'/travel/user/addFreeWalkOrder.ajax','0:0:0:0:0:0:0:1','test03','POST','','2020-03-31 15:24:55'),(65,'/travel/user/homepage','0:0:0:0:0:0:0:1','test20','GET','','2020-03-31 16:29:48'),(66,'/travel/user/homepage','0:0:0:0:0:0:0:1','test20','GET','','2020-03-31 16:46:40'),(67,'/travel/user/homepage','0:0:0:0:0:0:0:1','test10','GET','','2020-03-31 16:49:59'),(68,'/travel/user/homepage','0:0:0:0:0:0:0:1','test17','GET','','2020-03-31 16:55:21'),(69,'/travel/user/homepage','0:0:0:0:0:0:0:1','test17','GET','','2020-03-31 16:58:59'),(70,'/travel/user/updateHeaderImg.ajax','0:0:0:0:0:0:0:1','test17','POST','','2020-03-31 16:59:39'),(71,'/travel/user/homepage','0:0:0:0:0:0:0:1','test17','GET','','2020-03-31 16:59:40'),(72,'/travel/user/homepage','0:0:0:0:0:0:0:1','test17','GET','','2020-03-31 17:06:17'),(73,'/travel/user/homepage','0:0:0:0:0:0:0:1','test03','GET','','2020-03-31 19:26:57'),(74,'/travel/user/homepage','0:0:0:0:0:0:0:1','test03','GET','','2020-03-31 19:33:27'),(75,'/travel/user/updateHeaderImg.ajax','0:0:0:0:0:0:0:1','test03','POST','','2020-03-31 19:33:53'),(76,'/travel/user/homepage','0:0:0:0:0:0:0:1','test03','GET','','2020-03-31 19:33:57'),(77,'/travel/user/homepage','0:0:0:0:0:0:0:1','test03','GET','','2020-03-31 19:38:13'),(78,'/travel/user/orders','0:0:0:0:0:0:0:1','test03','GET','page=1&size=5','2020-03-31 19:38:15'),(79,'/travel/user/bookhotels','0:0:0:0:0:0:0:1','test03','GET','page=1&size=5','2020-03-31 19:38:17'),(80,'/travel/user/orders','0:0:0:0:0:0:0:1','test03','GET','page=1&size=5','2020-03-31 19:38:19'),(81,'/travel/user/homepage','0:0:0:0:0:0:0:1','test03','GET','','2020-03-31 20:52:10'),(82,'/travel/user/updatepwd.ajax','0:0:0:0:0:0:0:1','test03','POST','','2020-03-31 20:52:44'),(83,'/travel/user/updatepwd.ajax','0:0:0:0:0:0:0:1','test03','POST','','2020-03-31 20:52:57'),(84,'/travel/user/addFreeWalkOrder','0:0:0:0:0:0:0:1','test03','GET','routeId=29','2020-03-31 20:59:27'),(85,'/travel/user/addFreeWalkOrder.ajax','0:0:0:0:0:0:0:1','test03','POST','','2020-03-31 20:59:45'),(86,'/travel/user/homepage','0:0:0:0:0:0:0:1','test21','GET','','2020-03-31 21:02:02'),(87,'/travel/user/perfect.ajax','0:0:0:0:0:0:0:1','test21','POST','','2020-03-31 21:02:06'),(88,'/travel/user/homepage','0:0:0:0:0:0:0:1','test21','GET','','2020-03-31 21:02:09'),(89,'/travel/user/updatepwd.ajax','0:0:0:0:0:0:0:1','test21','POST','','2020-03-31 21:02:31'),(90,'/travel/user/updatepwd.ajax','0:0:0:0:0:0:0:1','test21','POST','','2020-03-31 21:02:36'),(91,'/travel/user/order.ajax','0:0:0:0:0:0:0:1','test21','POST','','2020-03-31 22:22:14'),(92,'/travel/user/leaveWord.ajax','0:0:0:0:0:0:0:1','test21','POST','','2020-03-31 22:22:22'),(93,'/travel/user/addFreeWalkOrder','0:0:0:0:0:0:0:1','test21','GET','routeId=5','2020-03-31 22:22:41'),(94,'/travel/user/addFreeWalkOrder.ajax','0:0:0:0:0:0:0:1','test21','POST','','2020-03-31 22:22:46'),(95,'/travel/user/order.ajax','0:0:0:0:0:0:0:1','test21','POST','','2020-03-31 22:22:58'),(96,'/travel/user/leaveWord.ajax','0:0:0:0:0:0:0:1','test21','POST','','2020-03-31 22:23:07'),(97,'/travel/user/order.ajax','0:0:0:0:0:0:0:1','test21','POST','','2020-03-31 22:23:21'),(98,'/travel/user/leaveWord.ajax','0:0:0:0:0:0:0:1','test21','POST','','2020-03-31 22:23:28'),(99,'/travel/user/bookHotel.ajax','0:0:0:0:0:0:0:1','test21','POST','','2020-03-31 22:24:00'),(100,'/travel/user/homepage','0:0:0:0:0:0:0:1','test21','GET','','2020-03-31 22:24:05'),(101,'/travel/user/updateHeaderImg.ajax','0:0:0:0:0:0:0:1','test21','POST','','2020-03-31 22:24:20'),(102,'/travel/user/homepage','0:0:0:0:0:0:0:1','test21','GET','','2020-03-31 22:24:21'),(103,'/travel/user/perfect.ajax','0:0:0:0:0:0:0:1','test21','POST','','2020-03-31 22:24:23'),(104,'/travel/user/homepage','0:0:0:0:0:0:0:1','test21','GET','','2020-03-31 22:24:24'),(105,'/travel/user/updatepwd.ajax','0:0:0:0:0:0:0:1','test21','POST','','2020-03-31 22:24:35'),(106,'/travel/user/orders','0:0:0:0:0:0:0:1','test21','GET','page=1&size=5','2020-03-31 22:24:48'),(107,'/travel/user/orders','0:0:0:0:0:0:0:1','test21','GET','page=1&size=5','2020-03-31 22:24:52'),(108,'/travel/user/orders','0:0:0:0:0:0:0:1','test21','GET','page=1&size=5','2020-03-31 22:24:54'),(109,'/travel/user/orders','0:0:0:0:0:0:0:1','test21','GET','page=1&size=5','2020-03-31 22:24:55'),(110,'/travel/user/orders','0:0:0:0:0:0:0:1','test21','GET','page=1&size=5','2020-03-31 22:24:57'),(111,'/travel/user/bookhotels','0:0:0:0:0:0:0:1','test21','GET','page=1&size=5','2020-03-31 22:24:59'),(112,'/travel/user/bookhotels','0:0:0:0:0:0:0:1','test21','GET','page=1&size=5','2020-03-31 22:25:01'),(113,'/travel/user/bookhotels','0:0:0:0:0:0:0:1','test21','GET','page=1&size=5','2020-03-31 22:25:03'),(114,'/travel/user/bookhotels','0:0:0:0:0:0:0:1','test21','GET','page=1&size=5','2020-03-31 22:25:04'),(115,'/travel/user/bookhotels','0:0:0:0:0:0:0:1','test21','GET','page=1&size=5','2020-03-31 22:25:05'),(116,'/travel/user/bookhotels','0:0:0:0:0:0:0:1','test21','GET','page=1&size=5','2020-03-31 22:25:06'),(117,'/travel/user/homepage','0:0:0:0:0:0:0:1','test21','GET','','2020-03-31 22:25:11'),(118,'/travel/user/homepage','0:0:0:0:0:0:0:1','test14','GET','','2020-03-31 22:25:21'),(119,'/travel/user/orders','0:0:0:0:0:0:0:1','test14','GET','page=1&size=5','2020-03-31 22:25:23'),(120,'/travel/user/bookhotels','0:0:0:0:0:0:0:1','test14','GET','page=1&size=5','2020-03-31 22:25:25'),(121,'/travel/user/orders','0:0:0:0:0:0:0:1','test14','GET','page=1&size=5','2020-03-31 22:25:28'),(122,'/travel/user/bookhotels','0:0:0:0:0:0:0:1','test14','GET','page=1&size=5','2020-03-31 22:25:31'),(123,'/travel/user/homepage','0:0:0:0:0:0:0:1','daihui','GET','','2020-04-01 20:10:08'),(124,'/travel/user/addFreeWalkOrder','0:0:0:0:0:0:0:1','daihui','GET','routeId=21','2020-04-01 20:10:28'),(125,'/travel/user/homepage','0:0:0:0:0:0:0:1','daihui','GET','','2020-04-01 20:41:10'),(126,'/travel/user/homepage','0:0:0:0:0:0:0:1','test14','GET','','2020-04-02 11:15:25'),(127,'/travel/user/updateHeaderImg.ajax','0:0:0:0:0:0:0:1','test14','POST','','2020-04-02 11:15:36'),(128,'/travel/user/homepage','0:0:0:0:0:0:0:1','test14','GET','','2020-04-02 11:15:37'),(129,'/travel/user/homepage','0:0:0:0:0:0:0:1','test14','GET','','2020-04-02 11:20:42'),(130,'/travel/user/updateHeaderImg.ajax','0:0:0:0:0:0:0:1','test14','POST','','2020-04-02 11:20:51'),(131,'/travel/user/homepage','0:0:0:0:0:0:0:1','test14','GET','','2020-04-02 11:20:52'),(132,'/travel/user/homepage','0:0:0:0:0:0:0:1','test14','GET','','2020-04-02 11:25:32'),(133,'/travel/user/updateHeaderImg.ajax','0:0:0:0:0:0:0:1','test14','POST','','2020-04-02 11:25:41'),(134,'/travel/user/homepage','0:0:0:0:0:0:0:1','test14','GET','','2020-04-02 11:25:42'),(135,'/travel/user/homepage','0:0:0:0:0:0:0:1','test14','GET','','2020-04-02 11:25:44'),(136,'/travel/user/homepage','0:0:0:0:0:0:0:1','test05','GET','','2020-04-02 22:58:21'),(137,'/travel/user/leaveWord.ajax','0:0:0:0:0:0:0:1','test10','POST','','2020-04-02 23:00:37'),(138,'/travel/user/homepage','0:0:0:0:0:0:0:1','daihui','GET','','2020-04-14 17:17:34'),(139,'/travel/user/homepage','0:0:0:0:0:0:0:1','daihui','GET','','2020-04-14 19:08:18'),(140,'/travel/user/homepage','0:0:0:0:0:0:0:1','daihui','GET','','2020-04-14 19:11:27'),(141,'/travel/user/homepage','0:0:0:0:0:0:0:1','daihui','GET','','2020-04-14 19:13:22'),(142,'/travel/user/homepage','0:0:0:0:0:0:0:1','daihui','GET','','2020-04-14 19:15:04'),(143,'/travel/user/homepage','0:0:0:0:0:0:0:1','daihui','GET','','2020-04-14 19:17:10'),(144,'/travel/user/perfect.ajax','0:0:0:0:0:0:0:1','daihui','POST','','2020-04-14 19:17:22'),(145,'/travel/user/homepage','0:0:0:0:0:0:0:1','daihui','GET','','2020-04-14 19:17:24'),(146,'/travel/user/homepage','0:0:0:0:0:0:0:1','daihui','GET','','2020-04-14 19:29:52'),(147,'/travel/user/orders','0:0:0:0:0:0:0:1','daihui','GET','page=1&size=5','2020-04-14 19:29:56'),(148,'/travel/user/homepage','0:0:0:0:0:0:0:1','daihui','GET','','2020-04-14 19:30:00'),(149,'/travel/user/bookhotels','0:0:0:0:0:0:0:1','daihui','GET','page=1&size=5','2020-04-14 19:30:02'),(150,'/travel/user/homepage','0:0:0:0:0:0:0:1','daihui','GET','','2020-04-14 19:33:38'),(151,'/travel/user/orders','0:0:0:0:0:0:0:1','daihui','GET','page=1&size=5','2020-04-14 19:33:44'),(152,'/travel/user/bookhotels','0:0:0:0:0:0:0:1','daihui','GET','page=1&size=5','2020-04-14 19:33:55'),(153,'/travel/user/orders','0:0:0:0:0:0:0:1','daihui','GET','page=1&size=5','2020-04-14 19:34:06'),(154,'/travel/user/bookhotels','0:0:0:0:0:0:0:1','daihui','GET','page=1&size=5','2020-04-14 19:34:19'),(155,'/travel/user/orders','0:0:0:0:0:0:0:1','daihui','GET','page=1&size=5','2020-04-14 19:34:22'),(156,'/travel/user/homepage','0:0:0:0:0:0:0:1','daihui','GET','','2020-04-14 19:36:52'),(157,'/travel/user/orders','0:0:0:0:0:0:0:1','daihui','GET','page=1&size=5','2020-04-14 19:36:55'),(158,'/travel/user/bookhotels','0:0:0:0:0:0:0:1','daihui','GET','page=1&size=5','2020-04-14 19:36:58'),(159,'/travel/user/orders','0:0:0:0:0:0:0:1','daihui','GET','page=1&size=5','2020-04-14 19:37:02'),(160,'/travel/user/bookHotel.ajax','0:0:0:0:0:0:0:1','daihui','POST','','2020-04-14 19:42:50'),(161,'/travel/user/bookhotels','0:0:0:0:0:0:0:1','daihui','GET','page=1&size=5','2020-04-14 19:42:57'),(162,'/travel/user/addFreeWalkOrder','0:0:0:0:0:0:0:1','test20','GET','routeId=21','2020-04-14 19:53:58'),(163,'/travel/user/addFreeWalkOrder','0:0:0:0:0:0:0:1','test20','GET','routeId=22','2020-04-14 19:54:49'),(164,'/travel/user/addFreeWalkOrder','0:0:0:0:0:0:0:1','test20','GET','routeId=6','2020-04-14 19:57:29'),(165,'/travel/user/addFreeWalkOrder','0:0:0:0:0:0:0:1','test20','GET','routeId=6','2020-04-14 19:59:01'),(166,'/travel/user/addFreeWalkOrder','0:0:0:0:0:0:0:1','test15','GET','routeId=6','2020-04-14 20:00:40'),(167,'/travel/user/addFreeWalkOrder.ajax','0:0:0:0:0:0:0:1','test15','POST','','2020-04-14 20:00:51'),(168,'/travel/user/order.ajax','0:0:0:0:0:0:0:1','test15','POST','','2020-04-14 20:01:21'),(169,'/travel/user/orders','0:0:0:0:0:0:0:1','test15','GET','page=1&size=5','2020-04-14 20:01:28'),(170,'/travel/user/bookHotel.ajax','0:0:0:0:0:0:0:1','test15','POST','','2020-04-14 20:02:23'),(171,'/travel/user/bookhotels','0:0:0:0:0:0:0:1','test15','GET','page=1&size=5','2020-04-14 20:02:26'),(172,'/travel/user/homepage','0:0:0:0:0:0:0:1','test15','GET','','2020-04-15 08:53:58'),(173,'/travel/user/orders','0:0:0:0:0:0:0:1','test15','GET','page=1&size=5','2020-04-15 08:54:07'),(174,'/travel/user/bookhotels','0:0:0:0:0:0:0:1','test15','GET','page=1&size=5','2020-04-15 08:54:12'),(175,'/travel/user/orders','0:0:0:0:0:0:0:1','test15','GET','page=1&size=5','2020-04-15 08:54:15'),(176,'/travel/user/bookhotels','0:0:0:0:0:0:0:1','test15','GET','page=1&size=5','2020-04-15 08:55:11'),(177,'/travel/user/bookhotels','0:0:0:0:0:0:0:1','daihui','GET','page=1&size=5','2020-04-15 09:01:49'),(178,'/travel/user/bookhotels','0:0:0:0:0:0:0:1','daihui','GET','page=1&size=5','2020-04-15 09:01:52'),(179,'/travel/user/bookhotels','0:0:0:0:0:0:0:1','daihui','GET','page=1&size=5','2020-04-15 09:01:55'),(180,'/travel/user/bookhotels','0:0:0:0:0:0:0:1','daihui','GET','page=1&size=5','2020-04-15 09:01:57'),(181,'/travel/user/bookhotels','0:0:0:0:0:0:0:1','daihui','GET','page=1&size=5','2020-04-15 09:04:34'),(182,'/travel/user/orders','0:0:0:0:0:0:0:1','daihui','GET','page=1&size=5','2020-04-15 09:04:38'),(183,'/travel/user/orders','0:0:0:0:0:0:0:1','daihui','GET','page=2&size=5','2020-04-15 09:04:47'),(184,'/travel/user/orders','0:0:0:0:0:0:0:1','daihui','GET','page=3&size=5','2020-04-15 09:04:50'),(185,'/travel/user/orders','0:0:0:0:0:0:0:1','daihui','GET','page=1&size=5','2020-04-15 09:04:53'),(186,'/travel/user/orders','0:0:0:0:0:0:0:1','daihui','GET','page=3&size=5','2020-04-15 09:04:54'),(187,'/travel/user/orders','0:0:0:0:0:0:0:1','daihui','GET','page=1&size=5','2020-04-15 09:04:56'),(188,'/travel/user/orders','0:0:0:0:0:0:0:1','daihui','GET','page=3&size=5','2020-04-15 09:04:58'),(189,'/travel/user/orders','0:0:0:0:0:0:0:1','daihui','GET','page=1&size=5','2020-04-15 09:05:03'),(190,'/travel/user/bookhotels','0:0:0:0:0:0:0:1','daihui','GET','page=1&size=5','2020-04-15 09:05:04'),(191,'/travel/user/bookhotels','0:0:0:0:0:0:0:1','daihui','GET','page=1&size=5','2020-04-15 09:05:06'),(192,'/travel/user/bookhotels','0:0:0:0:0:0:0:1','daihui','GET','page=1&size=5','2020-04-15 09:05:08'),(193,'/travel/user/bookhotels','0:0:0:0:0:0:0:1','daihui','GET','page=1&size=5','2020-04-15 09:05:10'),(194,'/travel/user/leaveWord.ajax','0:0:0:0:0:0:0:1','test13','POST','','2020-04-15 09:25:14'),(195,'/travel/user/order.ajax','0:0:0:0:0:0:0:1','test13','POST','','2020-04-15 09:25:29'),(196,'/travel/user/orders','0:0:0:0:0:0:0:1','test13','GET','page=1&size=5','2020-04-15 09:25:41'),(197,'/travel/user/orders','0:0:0:0:0:0:0:1','test13','GET','page=1&size=5','2020-04-15 09:25:54'),(198,'/travel/user/leaveWord.ajax','0:0:0:0:0:0:0:1','test13','POST','','2020-04-15 09:26:10'),(199,'/travel/user/order.ajax','0:0:0:0:0:0:0:1','test13','POST','','2020-04-15 09:26:26'),(200,'/travel/user/orders','0:0:0:0:0:0:0:1','test13','GET','page=1&size=5','2020-04-15 09:26:33'),(201,'/travel/user/order.ajax','0:0:0:0:0:0:0:1','test13','POST','','2020-04-15 09:26:53'),(202,'/travel/user/orders','0:0:0:0:0:0:0:1','test13','GET','page=1&size=5','2020-04-15 09:26:59'),(203,'/travel/user/leaveWord.ajax','0:0:0:0:0:0:0:1','test13','POST','','2020-04-15 09:27:13'),(204,'/travel/user/addFreeWalkOrder','0:0:0:0:0:0:0:1','test13','GET','routeId=8','2020-04-15 09:27:50'),(205,'/travel/user/addFreeWalkOrder.ajax','0:0:0:0:0:0:0:1','test13','POST','','2020-04-15 09:28:01'),(206,'/travel/user/orders','0:0:0:0:0:0:0:1','test13','GET','page=1&size=5','2020-04-15 09:28:40'),(207,'/travel/user/bookHotel.ajax','0:0:0:0:0:0:0:1','test13','POST','','2020-04-15 09:29:46'),(208,'/travel/user/bookhotels','0:0:0:0:0:0:0:1','test13','GET','page=1&size=5','2020-04-15 09:29:49'),(209,'/travel/user/homepage','0:0:0:0:0:0:0:1','test13','GET','','2020-04-15 09:30:18'),(210,'/travel/user/perfect.ajax','0:0:0:0:0:0:0:1','test13','POST','','2020-04-15 09:30:23'),(211,'/travel/user/homepage','0:0:0:0:0:0:0:1','test13','GET','','2020-04-15 09:30:24'),(212,'/travel/user/homepage','0:0:0:0:0:0:0:1','test13','GET','','2020-04-15 09:30:28'),(213,'/travel/user/updatepwd.ajax','0:0:0:0:0:0:0:1','test13','POST','','2020-04-15 09:30:49'),(214,'/travel/user/updatepwd.ajax','0:0:0:0:0:0:0:1','test13','POST','','2020-04-15 09:30:53'),(215,'/travel/user/homepage','0:0:0:0:0:0:0:1','test13','GET','','2020-04-15 09:31:04'),(216,'/travel/user/perfect.ajax','0:0:0:0:0:0:0:1','test13','POST','','2020-04-15 09:31:29'),(217,'/travel/user/homepage','0:0:0:0:0:0:0:1','test13','GET','','2020-04-15 09:31:30'),(218,'/travel/user/homepage','0:0:0:0:0:0:0:1','test13','GET','','2020-04-15 09:31:35'),(219,'/travel/user/homepage','0:0:0:0:0:0:0:1','test22','GET','','2020-04-15 09:36:39'),(220,'/travel/user/homepage','0:0:0:0:0:0:0:1','test22','GET','','2020-04-15 09:38:08'),(221,'/travel/user/homepage','0:0:0:0:0:0:0:1','test22','GET','','2020-04-15 09:45:49'),(222,'/travel/user/homepage','0:0:0:0:0:0:0:1','test22','GET','','2020-04-15 09:50:52'),(223,'/travel/user/homepage','0:0:0:0:0:0:0:1','test22','GET','','2020-04-15 15:17:53'),(224,'/travel/user/updateHeaderImg.ajax','0:0:0:0:0:0:0:1','test22','POST','','2020-04-15 15:18:00'),(225,'/travel/user/homepage','0:0:0:0:0:0:0:1','test22','GET','','2020-04-15 15:18:02'),(226,'/travel/user/homepage','0:0:0:0:0:0:0:1','test22','GET','','2020-04-15 15:30:31'),(227,'/travel/user/homepage','0:0:0:0:0:0:0:1','test22','GET','','2020-04-15 15:32:04'),(228,'/travel/user/homepage','0:0:0:0:0:0:0:1','test22','GET','','2020-04-15 15:34:22'),(229,'/travel/user/homepage','0:0:0:0:0:0:0:1','test22','GET','','2020-04-15 15:37:15'),(230,'/travel/user/updateHeaderImg.ajax','0:0:0:0:0:0:0:1','test22','POST','','2020-04-15 15:37:29'),(231,'/travel/user/homepage','0:0:0:0:0:0:0:1','test22','GET','','2020-04-15 15:37:30'),(232,'/travel/user/homepage','0:0:0:0:0:0:0:1','test22','GET','','2020-04-15 17:48:36'),(233,'/travel/user/homepage','0:0:0:0:0:0:0:1','test21','GET','','2020-04-15 17:48:51'),(234,'/travel/user/updateHeaderImg.ajax','0:0:0:0:0:0:0:1','test21','POST','','2020-04-15 17:49:16'),(235,'/travel/user/homepage','0:0:0:0:0:0:0:1','test21','GET','','2020-04-15 17:49:17'),(236,'/travel/user/homepage','0:0:0:0:0:0:0:1','test21','GET','','2020-04-16 19:50:40'),(237,'/travel/user/updateHeaderImg.ajax','0:0:0:0:0:0:0:1','test21','POST','','2020-04-16 19:50:48'),(238,'/travel/user/homepage','0:0:0:0:0:0:0:1','test21','GET','','2020-04-16 19:50:49');

/*Table structure for table `user` */

DROP TABLE IF EXISTS `user`;

CREATE TABLE `user` (
  `id` int(11) NOT NULL AUTO_INCREMENT,
  `username` varchar(50) NOT NULL,
  `password` varchar(100) NOT NULL,
  `phoneNum` varchar(11) NOT NULL,
  `email` varchar(50) NOT NULL,
  `url` varchar(100) DEFAULT '../../images/header/默认头像.jpg',
  `status` varchar(1) NOT NULL,
  `gender` int(11) DEFAULT '0',
  `website` varchar(50) DEFAULT NULL,
  `intro` varchar(100) DEFAULT NULL,
  PRIMARY KEY (`id`),
  UNIQUE KEY `username` (`username`),
  UNIQUE KEY `phoneNum` (`phoneNum`),
  UNIQUE KEY `email` (`email`)
) ENGINE=InnoDB AUTO_INCREMENT=37 DEFAULT CHARSET=utf8;

/*Data for the table `user` */

insert  into `user`(`id`,`username`,`password`,`phoneNum`,`email`,`url`,`status`,`gender`,`website`,`intro`) values (1,'daihui','daihui980724.','13627332952','1400781234@qq.com','../../images/header/4c36e1a9501e4a86bf831a9bd24943b41584863116432.jpeg','1',0,'http://www.daihui.com','这是一次测试!!!'),(2,'test','123456','13611111111','1@qq.com','../../images/header/默认头像.jpg','0',0,NULL,NULL),(3,'admin','123456','13622222222','2@qq.com','../../images/header/默认头像.jpg','0',0,NULL,NULL),(4,'test1','123456','13633333333','3@qq.com','../../images/header/默认头像.jpg','0',0,NULL,NULL),(5,'test01','123456','13644444444','4@163.com','../../images/header/0631fda2b7ef4208bf700fa30553be831584266674815.jpg','1',0,'',''),(6,'test02','123456','13655555555','5@qq.com','../../images/header/4898bc00cd6f4a30aeaf73bbda98df551584266710232.jpg','1',0,NULL,NULL),(7,'test03','123456','13666666666','6@qq.com','../../images/header/de6a3b77b5f64f3e86ee72939340749b1584266774231.jpg','1',0,NULL,NULL),(9,'test04','123456','13677777777','7@qq.com','../../images/header/b3930e4c87ad4dfaae444d5955787f3b1584266815715.jpg','1',0,NULL,NULL),(10,'test05','123456','13688888888','8@qq.com','../../images/header/39b92f52a4304bb9a0befae4a7112e201584266845770.jpg','1',0,NULL,NULL),(11,'test06','123456','13699999999','9@qq.com','../../images/header/1a034bb8566342d3a06bdd5673b3d1ae1584266881628.jpg','1',0,NULL,NULL),(12,'test07','123456','13211111111','13211111111@qq.com','../../images/header/ec09e62cdb7e475a84d398b4a88056191584266911512.jpg','1',0,NULL,NULL),(14,'test08','123456','13222222222','13222222222@qq.com','../../images/header/df719c6b23ef46698f93203b2547de221584266944782.jpg','1',0,NULL,NULL),(16,'test09','123456','13233333333','13233333333@qq.com','../../images/header/770b07013a8d4aebb7ae1a14a7742ec51584266984791.jpg','1',0,NULL,NULL),(17,'test10','123456','13244444444','13244444444@qq.com','../../images/header/392aca8f977f43018ebf237edaaff81a1584267018956.jpg','1',0,NULL,NULL),(18,'test11','123456','13255555555','13255555555@qq.com','../../images/header/03a577f1dfa9467da50176e5b4b452161584267060845.jpg','1',0,NULL,NULL),(19,'test12','123456','13266666666','13266666666@qq.com','../../images/header/655ea2fe3e4745cfa7e785495299e2a71584267091205.jpg','1',0,NULL,NULL),(20,'test15','123456','13277777777','13277777777@qq.com','../../images/header/cae42c96c0f14b7a9c1bc27a29d462911584326977113.jpg','1',0,NULL,NULL),(21,'test13','123456','13288888888','13288888888@qq.com','../../images/header/fb00c7724c8c42ef8ed5c873bbd92ce81584267116095.jpg','1',1,'','我是test13'),(23,'test20','123456','13299999999','13299999999@qq.com','../../images/header/e734b6d03c6b44319118736cd741cd2b1584273588919.jpg','1',0,NULL,NULL),(29,'test16','123456','13627332951','1400781233@qq.com','../../images/header/69c220bc56fd4c89a964f653cb49b1bd1585361529576.jpg','1',2,'',''),(30,'test14','123456','13627332950','1400781232@qq.com','../../images/header/e2f205d9df7d45b68eb179f849c5cedd1585797941277.jpg','1',0,NULL,NULL),(31,'test18','123456','13627332954','1400781235@qq.com','../../images/header/240c3610db7448f8a47e78322889eb221585361742464.jpg','1',0,NULL,NULL),(32,'test19','123456','13627332955','1400781237@qq.com','../../images/header/默认头像.jpg','1',0,NULL,NULL),(34,'test17','123456','13615613136','31314@qq.com','../../images/header/b46b2b62c74f4cbcbd9e863d3c8070821585645179166.jpg','1',0,NULL,NULL),(35,'test21','123456','13627332958','1400781238@qq.com','../../images/header/942e1825345040d29fb7ccb3b01290cd1587037848088.jpg','1',1,'',''),(36,'test22','123456','13627332957','13627332957@qq.com','../../images/header/5919bc3cb52f4686927a63e41ca5ce931586936249672.png','1',0,NULL,NULL);

/*Table structure for table `user_role` */

DROP TABLE IF EXISTS `user_role`;

CREATE TABLE `user_role` (
  `userId` int(11) NOT NULL,
  `roleId` int(11) NOT NULL,
  PRIMARY KEY (`userId`,`roleId`),
  KEY `roleId` (`roleId`),
  CONSTRAINT `user_role_ibfk_1` FOREIGN KEY (`userId`) REFERENCES `user` (`id`),
  CONSTRAINT `user_role_ibfk_2` FOREIGN KEY (`roleId`) REFERENCES `role` (`id`)
) ENGINE=InnoDB DEFAULT CHARSET=utf8;

/*Data for the table `user_role` */

insert  into `user_role`(`userId`,`roleId`) values (1,1),(3,1),(1,2),(2,2),(3,2),(4,2),(5,2),(7,2),(35,2),(36,2),(1,3),(2,3),(3,3),(4,3),(5,3),(6,3),(7,3),(9,3),(10,3),(11,3),(12,3),(14,3),(16,3),(17,3),(18,3),(19,3),(20,3),(21,3),(23,3),(35,3),(36,3);

/*!40101 SET SQL_MODE=@OLD_SQL_MODE */;
/*!40014 SET FOREIGN_KEY_CHECKS=@OLD_FOREIGN_KEY_CHECKS */;
/*!40014 SET UNIQUE_CHECKS=@OLD_UNIQUE_CHECKS */;
/*!40111 SET SQL_NOTES=@OLD_SQL_NOTES */;
